Group,Name,Job,Required Rank,Description,Cooldown,Icon
edict,Abiding Death,Bounty Hunter,1,Price for death warrant Edict is discounted by 10% + Intimidate Skill,3 weeks Cooldown,https://d1u5p3l4wpay3k.cloudfront.net/startraders_gamepedia_en/e/e3/Talent_money_edict_normal.png?version=3c3785d669fd0b12f296883aa628e5cb
,Acrobatic Dive,Pirate,5,"Buffs Ship with +25% Accuracy, +15 Range Change, -10 Escape for next 3 Turns",3 weeks Cooldown,https://d1u5p3l4wpay3k.cloudfront.net/startraders_gamepedia_en/8/83/Talent_badge_shipcombat.png?version=4f4a71340a5cbf567660c4bccf50c8f6
,Advancing Front,Pistoleer,8,"In crew combat, Pistol Attack with +10% Ranged Damage, +20% Armor Piercing, +35% Critical, advances 1 slot",Costs Weapon's Initiative to use (No Valid Weapon),https://d1u5p3l4wpay3k.cloudfront.net/startraders_gamepedia_en/8/85/Talent_badge_crewcombat.png?version=d4dc696fe041acbc6e999a0fa69c3934
,Aggressive Advance,Exo-Scout,1,"In crew combat, Rifle Attack, advances 1 slot. Successful attack Buffs yourself with +2 Initiative, +25% Ranged Accuracy, +25% Armor Piercing, +25% To Resist Debuffs for 3 Turns",Costs Weapon's Initiative to use (No Valid Weapon),https://d1u5p3l4wpay3k.cloudfront.net/startraders_gamepedia_en/8/85/Talent_badge_crewcombat.png?version=d4dc696fe041acbc6e999a0fa69c3934
,Aimed Focus,Pistoleer,1,"In crew combat, Buff yourself with +25% Ranged Accuracy, +25% All Damage, +10% Critical for 3 Turns, Restores (10 + 0 Evasion) Morale",Costs 6 Initiative to use,https://d1u5p3l4wpay3k.cloudfront.net/startraders_gamepedia_en/8/85/Talent_badge_crewcombat.png?version=d4dc696fe041acbc6e999a0fa69c3934
orbit,Alert Scanner,Electronics Tech,1,"Upon entering the orbit of a new system, chance of learning a Rumor",9 weeks Cooldown,https://d1u5p3l4wpay3k.cloudfront.net/startraders_gamepedia_en/6/68/Talent_elo_alertscanner_normal.png?version=3b1cda08b3992afde78ce3c133764804
artifacts,Artifact Hunter,Explorer,5,"When selling Xeno Artifacts, increase the profit of the deal by 25% + Explore Skill",9 weeks Cooldown,https://d1u5p3l4wpay3k.cloudfront.net/startraders_gamepedia_en/5/5c/Talent_explorer_profit_artifacts_normal.png?version=390a7b1ea4062d10f1f9691fe5b3d39f
doctor,Assisted Care,Doctor,1,Reduces the price for medical care at the Doctor by 10% + Doctor Skill,3 weeks Cooldown,https://d1u5p3l4wpay3k.cloudfront.net/startraders_gamepedia_en/5/50/Talent_doctor_assistedcare_normal.png?version=0dbc95e21db666f099814dfaf731b38f
upgrade,Assisted Installation,Engineer,5,Discounts any upgrade of a ship component at the Starport by 10% + Repair Skill,3 weeks Cooldown,https://d1u5p3l4wpay3k.cloudfront.net/startraders_gamepedia_en/5/53/Talent_money_repair_normal.png?version=3d4019c2d7078b6f4cdfafcf42e1eced
skill save,Attentive Overhaul,Engineer,1,"Automatically passes a failed Repair test in any situation, including wild zone repairs or deep space travel",3 weeks Cooldown,https://d1u5p3l4wpay3k.cloudfront.net/startraders_gamepedia_en/0/0a/Talent_skill_repair_normal.png?version=735a308765027bba133b7ef578bbc088
skill save,Aura of Command,Commander,1,"Automatically passes a failed Command test in any situation, including deep space travel, mutiny or during a mission",3 weeks Cooldown,https://d1u5p3l4wpay3k.cloudfront.net/startraders_gamepedia_en/b/b1/Talent_skill_command_normal.png?version=c33b33e3f2b10806ec70ed4fa036bf3f
,Backline Leader,Soldier,5,"In crew combat, Buffs entire team with +10% Ranged Accuracy, +10% All Damage, +10% Armor, +25% To Resist Debuffs for 3 Turns",Costs 10 Initiative to use,https://d1u5p3l4wpay3k.cloudfront.net/startraders_gamepedia_en/8/85/Talent_badge_crewcombat.png?version=d4dc696fe041acbc6e999a0fa69c3934
smuggle,Backroom Deal,Smuggler,1,"When attempting to access a Black Market, replace a risk card with a Market Access card",3 weeks Cooldown,https://d1u5p3l4wpay3k.cloudfront.net/startraders_gamepedia_en/9/9a/Talent_blackmarket_upgrade_normal.png?version=8a803b16e4735cd51620120e3ee1ab6e
,Balanced Blade,Swordsman,1,"In crew combat, Blade Attack. Successful attack Buffs yourself with +25% Blade Accuracy, +10% Melee Damage, +10% Armor Piercing, +25% Parry for 2 Turns",Costs Weapon's Initiative to use (No Valid Weapon),https://d1u5p3l4wpay3k.cloudfront.net/startraders_gamepedia_en/8/85/Talent_badge_crewcombat.png?version=d4dc696fe041acbc6e999a0fa69c3934
,Barked Order,Commander,5,"In crew combat, intimidating command causes -25% All Accuracy, -25% All Damage for 3 Turns, knocks target back 1 slot",Costs 12 Initiative to use,https://d1u5p3l4wpay3k.cloudfront.net/startraders_gamepedia_en/8/85/Talent_badge_crewcombat.png?version=d4dc696fe041acbc6e999a0fa69c3934
,Barrel Roll,Pirate,5,"Buffs Ship with -25% Dmg, +35% Defense, +10% Shield, -10 Escape for next 3 Turns",3 weeks Cooldown,https://d1u5p3l4wpay3k.cloudfront.net/startraders_gamepedia_en/8/83/Talent_badge_shipcombat.png?version=4f4a71340a5cbf567660c4bccf50c8f6
victory,Battle Damage Repair,Crew Dog,8,"In the aftermath of a ship battle, repair one Ship Component damage equal to 10% + Repair Skill",3 weeks Cooldown,https://d1u5p3l4wpay3k.cloudfront.net/startraders_gamepedia_en/d/dc/Talent_victory_battle_dmg_normal.png?version=c91f58ea977e73fa98db4c87cf2ceab5
boarding,Bio-Agent Bomb,Combat Medic,5,"After a successful Boarding, release deadly bio-agents into the enemy ship's ventilation; +10 Morale Dmg/Turn, +25 Crew Dmg/Turn for next 4 Turns",9 weeks Cooldown,https://d1u5p3l4wpay3k.cloudfront.net/startraders_gamepedia_en/7/73/Talent_boarding_cm_biobomb_normal.png?version=04d360d11e82d5b89d9673619f1c0523
,Bio-Agent Flechette,Exo-Scout,1,"In crew combat, Crippling Rifle Attack causes -25% All Damage, +20 Bio-Poison Damage for 3 Turns",Costs Weapon's Initiative to use (No Valid Weapon),https://d1u5p3l4wpay3k.cloudfront.net/startraders_gamepedia_en/8/85/Talent_badge_crewcombat.png?version=d4dc696fe041acbc6e999a0fa69c3934
,Bio-Poison Grenade,Combat Medic,5,"In crew combat, Grenade Attack hits 2 targets with 31-50 Dmg and Cripples with -2 Initiative, +14 Bio-Poison Damage, -25% Parry, -25% Dodge, -10 Bio-Poison Resist for 3 Turns",Costs 16 Initiative to use,https://d1u5p3l4wpay3k.cloudfront.net/startraders_gamepedia_en/8/85/Talent_badge_crewcombat.png?version=d4dc696fe041acbc6e999a0fa69c3934
,Bio-Poison Slugs,Combat Medic,1,"In crew combat, Crippling Pistol Attack causes +20 Bio-Poison Damage, -10% Parry, -10% Dodge for 3 Turns",Costs Weapon's Initiative to use (No Valid Weapon),https://d1u5p3l4wpay3k.cloudfront.net/startraders_gamepedia_en/8/85/Talent_badge_crewcombat.png?version=d4dc696fe041acbc6e999a0fa69c3934
,Blade and Hilt,Swordsman,11,"In crew combat, Blade Attack hits 2 targets. Successful attack Buffs yourself with +10% Melee Damage, +10% Armor Piercing, +25% Critical, -15% Parry, -15% Dodge for 3 Turns",Costs 2X Weapon's Initiative to use (No Valid Weapon),https://d1u5p3l4wpay3k.cloudfront.net/startraders_gamepedia_en/8/85/Talent_badge_crewcombat.png?version=d4dc696fe041acbc6e999a0fa69c3934
,Bladesman Rally,Swordsman,8,"In crew combat, Removes all Debuffs; Restores 2 targets (10 + 0 Tactics) Morale",Costs 10 Initiative to use,https://d1u5p3l4wpay3k.cloudfront.net/startraders_gamepedia_en/8/85/Talent_badge_crewcombat.png?version=d4dc696fe041acbc6e999a0fa69c3934
,Blood Game,Bounty Hunter,1,"In Ship Combat, allows a boarding attempt at any range during Mission-driven battles as the hunter tracks their prey",6 weeks Cooldown,https://d1u5p3l4wpay3k.cloudfront.net/startraders_gamepedia_en/8/83/Talent_badge_shipcombat.png?version=4f4a71340a5cbf567660c4bccf50c8f6
,Bloodletting Blow,Zealot,5,"In crew combat, Crippling Blade Attack causes +24 Bleeding, -20% Deflection for 3 Turns, knocks target back 1 slot",Costs Weapon's Initiative to use (No Valid Weapon),https://d1u5p3l4wpay3k.cloudfront.net/startraders_gamepedia_en/8/85/Talent_badge_crewcombat.png?version=d4dc696fe041acbc6e999a0fa69c3934
,Blowback,Soldier,5,"In crew combat, Crippling Rifle Attack; successful hit causes 25% Stun, +14 Bleeding, -20% Deflection for 3 Turns, knocks target back 1 slot",Costs Weapon's Initiative to use (No Valid Weapon),https://d1u5p3l4wpay3k.cloudfront.net/startraders_gamepedia_en/8/85/Talent_badge_crewcombat.png?version=d4dc696fe041acbc6e999a0fa69c3934
boarding,Boarder's Demolition,Engineer,5,"After a successful Boarding, rig an explosion which leaves the enemy ship vulnerable to continued attack; -15% Defense, -15% Shield, -15% Armor for next 4 Turns",9 weeks Cooldown,https://d1u5p3l4wpay3k.cloudfront.net/startraders_gamepedia_en/5/5a/Talent_boarding_eng_demo_normal.png?version=d335f7d54b0879dc7a3476400a1f9a32
,Boarding Assault,Gunner,1,"In Ship Combat, allows a boarding attempt from range 3 or below as gunners give heavy covering fire to assault shuttle",6 weeks Cooldown,https://d1u5p3l4wpay3k.cloudfront.net/startraders_gamepedia_en/8/83/Talent_badge_shipcombat.png?version=4f4a71340a5cbf567660c4bccf50c8f6
on init,Boarding Rush,Military Officer,11,"When making Initiative Roll in Crew Combat, Buff yourself with +2 Initiative, +10% All Accuracy, +10% All Damage for 2 Turns",Chance to activate at the start of each combat turn,https://d1u5p3l4wpay3k.cloudfront.net/startraders_gamepedia_en/8/85/Talent_badge_crewcombat.png?version=d4dc696fe041acbc6e999a0fa69c3934
trade,Bold Statement,Merchant,11,Trading into a Trade Ban or War grants Rep bonus with second Faction up to the Rep penalty with the offended Faction,9 weeks Cooldown,https://d1u5p3l4wpay3k.cloudfront.net/startraders_gamepedia_en/4/41/Talent_trade_into_conflict_normal.png?version=0d29b3b729a8a99911221dd4cf13e001
,Bolster,Commander,8,"In crew combat, Removes all Debuffs; Restores (30 + 0 Command) Morale",Costs 6 Initiative to use,https://d1u5p3l4wpay3k.cloudfront.net/startraders_gamepedia_en/8/85/Talent_badge_crewcombat.png?version=d4dc696fe041acbc6e999a0fa69c3934
,Bolt,Spy,5,Buffs Ship with +30 Escape for next 3 Turns,3 weeks Cooldown,https://d1u5p3l4wpay3k.cloudfront.net/startraders_gamepedia_en/8/83/Talent_badge_shipcombat.png?version=4f4a71340a5cbf567660c4bccf50c8f6
,Bombardment,Gunner,1,"Under continual attack an enemy ship struggles to return fire. If any ship weapons hit, this Crippling Attack causes -25% Accuracy, -10% Dmg, -10% Armor for the next 3 Turns",3 weeks Cooldown,https://d1u5p3l4wpay3k.cloudfront.net/startraders_gamepedia_en/8/83/Talent_badge_shipcombat.png?version=4f4a71340a5cbf567660c4bccf50c8f6
,Boosted Shields,Electronics Tech,11,"Buffs Ship with +10% Shield, +50 Radiation Resist, +50 Void Resist for next 3 Turns",3 weeks Cooldown,https://d1u5p3l4wpay3k.cloudfront.net/startraders_gamepedia_en/8/83/Talent_badge_shipcombat.png?version=4f4a71340a5cbf567660c4bccf50c8f6
smuggle,Bootleg Profits,Smuggler,5,"When executing a trade at the Black Market worth over $5,000, increase your profit of the trade by 20% + Negotiate Skill",9 weeks Cooldown,https://d1u5p3l4wpay3k.cloudfront.net/startraders_gamepedia_en/4/49/Talent_smuggler_profits_normal.png?version=d8103d849cb6e8df371630b0e6b5e75d
,Brace for Impact,Engineer,1,"Buffs Ship with +20% Shield, +20% Armor, 10% Protection against Crew Dmg for next 3 Turns",3 weeks Cooldown,https://d1u5p3l4wpay3k.cloudfront.net/startraders_gamepedia_en/8/83/Talent_badge_shipcombat.png?version=4f4a71340a5cbf567660c4bccf50c8f6
on init,Bravery Line,Swordsman,1,"When making Initiative Roll in Crew Combat, Buff yourself with +3 Initiative, +15% Critical, +15% Parry for 3 Turns",Chance to activate at the start of each combat turn,https://d1u5p3l4wpay3k.cloudfront.net/startraders_gamepedia_en/8/85/Talent_badge_crewcombat.png?version=d4dc696fe041acbc6e999a0fa69c3934
,Broadside Angle,Pilot,5,"Buffs Ship with +25% Accuracy, +40% Dmg, -25% Defense, -15% Armor for next 3 Turns",3 weeks Cooldown,https://d1u5p3l4wpay3k.cloudfront.net/startraders_gamepedia_en/8/83/Talent_badge_shipcombat.png?version=4f4a71340a5cbf567660c4bccf50c8f6
,Bullet Trace,Sniper,1,"In crew combat, Crippling Rifle Attack with +25% Ranged Accuracy, +15% Armor Piercing; successful hit causes -15% Deflection, -15% Dodge for 2 Turns",Costs Weapon's Initiative to use (No Valid Weapon),https://d1u5p3l4wpay3k.cloudfront.net/startraders_gamepedia_en/8/85/Talent_badge_crewcombat.png?version=d4dc696fe041acbc6e999a0fa69c3934
,Burner Skid,Pirate,11,"Infamous pirate maneuver, dangerous over-charging the engine for killing power. Buffs Ship with +25% Critical, +100 Radiation Dmg, Self-inflicts +20 Component Dmg/Turn, Self-inflicts +20 Morale Dmg/Turn for next 3 Turns",3 weeks Cooldown,https://d1u5p3l4wpay3k.cloudfront.net/startraders_gamepedia_en/8/83/Talent_badge_shipcombat.png?version=4f4a71340a5cbf567660c4bccf50c8f6
,Burst Fire,Soldier,1,"In crew combat, Rifle Attack hits 2 targets with -35% All Damage, +10% Armor Piercing, +10% Critical",Costs 2X Weapon's Initiative to use (No Valid Weapon),https://d1u5p3l4wpay3k.cloudfront.net/startraders_gamepedia_en/8/85/Talent_badge_crewcombat.png?version=d4dc696fe041acbc6e999a0fa69c3934
smuggle,Buzzing Wires,Electronics Tech,1,"When attempting to access a Black Market, remove a risk card",3 weeks Cooldown,https://d1u5p3l4wpay3k.cloudfront.net/startraders_gamepedia_en/9/95/Talent_blackmarket_remove_normal.png?version=b277818550dd8b25c7400f9eebc5fec3
boarding,Call for Surrender,Military Officer,5,"After a successful Boarding, demand for quick surrender cause 4 enemy crew to suffer 20-40 Morale loss; -10 Range Change, +25 Morale Dmg/Turn for next 4 Turns",9 weeks Cooldown,https://d1u5p3l4wpay3k.cloudfront.net/startraders_gamepedia_en/7/74/Talent_boarding_mo_surrender_normal.png?version=b0331d34832cbf0b1a7af3c2391c58fc
xeno,Call to Arms,Quartermaster,8,"When encountering a xeno ship in space combat, prevents Morale loss on up to Intimidate Skill number of crew",3 weeks Cooldown,https://d1u5p3l4wpay3k.cloudfront.net/startraders_gamepedia_en/2/2d/Talent_fire_normal.png?version=2e1dd7ae1a4dea71d8c71d0c85f6e7d8
mutiny,Calming Speech,Quartermaster,5,"Speaking as a leader but also as a member of the crew, the quartermaster knows what to say. The mutiny ends and Morale of the entire crew is increased by 20 + Command skill",3 weeks Cooldown,https://d1u5p3l4wpay3k.cloudfront.net/startraders_gamepedia_en/2/2d/Talent_fire_normal.png?version=2e1dd7ae1a4dea71d8c71d0c85f6e7d8
skill save,Careful Testing,Mechanic,1,"Automatically passes a failed Repair test in any situation, including wild zone repairs or deep space travel",3 weeks Cooldown,https://d1u5p3l4wpay3k.cloudfront.net/startraders_gamepedia_en/0/0a/Talent_skill_repair_normal.png?version=735a308765027bba133b7ef578bbc088
,Cleansing Purge,Combat Medic,1,"In crew combat, Removes all Debuffs; Restores (10 + 0 Doctor) HP and Morale",Costs 10 Initiative to use,https://d1u5p3l4wpay3k.cloudfront.net/startraders_gamepedia_en/8/85/Talent_badge_crewcombat.png?version=d4dc696fe041acbc6e999a0fa69c3934
spy,Clink of Credits,Electronics Tech,11,"When Spying in the orbit of a system, replace a risk card with a Credit Skim or Score reward card",3 weeks Cooldown,https://d1u5p3l4wpay3k.cloudfront.net/startraders_gamepedia_en/2/2a/Talent_spy_upgrade_normal.png?version=2bdb1bdc7f6753e85f0d2f5c27337ba4
spy,Cloak and Dagger,Spy,11,"When Spying in the orbit of a system, replace a risk card with an Mission Success reward card",3 weeks Cooldown,https://d1u5p3l4wpay3k.cloudfront.net/startraders_gamepedia_en/d/dc/Talent_spy_mission_normal.png?version=0efbeb9df683378ea4769cd42b9a92cf
,Close Observation,Spy,1,Sharp scrutiny grants Wisdom % to reveal a Contact's hidden Traits during any interaction where money changes hands,26 weeks Cooldown,https://d1u5p3l4wpay3k.cloudfront.net/startraders_gamepedia_en/2/2d/Talent_fire_normal.png?version=2e1dd7ae1a4dea71d8c71d0c85f6e7d8
,Close-Range Barrage,Pistoleer,1,"In crew combat, Crippling Pistol Attack with +25% Ranged Damage; successful hit causes -25% Blade Accuracy, -25% All Damage, -10% Critical Chance for 3 Turns",Costs Weapon's Initiative to use (No Valid Weapon),https://d1u5p3l4wpay3k.cloudfront.net/startraders_gamepedia_en/8/85/Talent_badge_crewcombat.png?version=d4dc696fe041acbc6e999a0fa69c3934
patrol,Commanding Sweep,Military Officer,5,"When Patrolling a system, replace a card with a Reputation bonus or a Conflict Influence in the case of a Conflict.",3 weeks Cooldown,https://d1u5p3l4wpay3k.cloudfront.net/startraders_gamepedia_en/e/e6/Talent_patrol_upgrade_normal.png?version=17e56e1129dc47ca0e4fc340a8cfba8b
,Concussion Grenade,Soldier,8,"In crew combat, Grenade Attack hits 2 targets with 20-30 Morale Dmg and Cripples with causes 50% Stun, -4 Initiative for 3 Turns",Costs 16 Initiative to use,https://d1u5p3l4wpay3k.cloudfront.net/startraders_gamepedia_en/8/85/Talent_badge_crewcombat.png?version=d4dc696fe041acbc6e999a0fa69c3934
deserter,Contract Bargain,Quartermaster,1,"When landing in a zone, the highest level crew member who attempts to abandon the ship reconsiders, but their salary increases by $2",3 weeks Cooldown,https://d1u5p3l4wpay3k.cloudfront.net/startraders_gamepedia_en/9/95/Talent_qm_contract_normal.png?version=39b63bb92b9f11b7be9c9c9e8fc824bb
,Coordinated Fire,Commander,11,"Buffs Ship with +35% Dmg, +25% Critical for next 3 Turns",3 weeks Cooldown,https://d1u5p3l4wpay3k.cloudfront.net/startraders_gamepedia_en/8/83/Talent_badge_shipcombat.png?version=4f4a71340a5cbf567660c4bccf50c8f6
introduction,Cordial Invitation,Merchant,5,Receive up to your Negotiate Skill in Reputation bonus with a new Contact when buying an Introduction,3 weeks Cooldown,https://d1u5p3l4wpay3k.cloudfront.net/startraders_gamepedia_en/2/2d/Talent_fire_normal.png?version=2e1dd7ae1a4dea71d8c71d0c85f6e7d8
blockade,Corsair's Eye,Pirate,1,"During a Blockade of a system, replace a risk card with a Merchant card.",3 weeks Cooldown,https://d1u5p3l4wpay3k.cloudfront.net/startraders_gamepedia_en/a/a7/Talent_blockade_merchants_normal.png?version=ab55373077ff005647c2a14f8def00de
,Covering Fire,Soldier,5,"In crew combat, Crippling Rifle Attack; successful hit Pins Target and causes 25% Stun for 2 Turns, retreats 1 slot",Costs Weapon's Initiative to use (No Valid Weapon),https://d1u5p3l4wpay3k.cloudfront.net/startraders_gamepedia_en/8/85/Talent_badge_crewcombat.png?version=d4dc696fe041acbc6e999a0fa69c3934
skill save,Crafty Twist,Sniper,5,"Automatically passes a failed Stealth test in any situation; including exploring, landing or during a mission",5 weeks Cooldown,https://d1u5p3l4wpay3k.cloudfront.net/startraders_gamepedia_en/1/14/Talent_skill_stealth_normal.png?version=f85dd802c4749e50e4df403f749a1f93
smuggle,Criminal Connections,Smuggler,11,"When executing a trade at the Black Market worth over $5,000, gain a 30% + Charisma chance to learn about a Contact",9 weeks Cooldown,https://d1u5p3l4wpay3k.cloudfront.net/startraders_gamepedia_en/2/20/Talent_smuggler_crimcons_normal.png?version=a7d1cf7d71f5de46276e63b2bae6638d
skill save,Cunning Slip,Smuggler,1,"Automatically passes a failed Stealth test in any situation; including exploring, landing or during a mission",3 weeks Cooldown,https://d1u5p3l4wpay3k.cloudfront.net/startraders_gamepedia_en/1/14/Talent_skill_stealth_normal.png?version=f85dd802c4749e50e4df403f749a1f93
,Damning Aim,Military Officer,5,"In crew combat, Crippling Pistol Attack and causes -2 Initiative, -10% Deflection, -25% Armor for 3 Turns",Costs Weapon's Initiative to use (No Valid Weapon),https://d1u5p3l4wpay3k.cloudfront.net/startraders_gamepedia_en/8/85/Talent_badge_crewcombat.png?version=d4dc696fe041acbc6e999a0fa69c3934
intel,Data Haul,Spy,8,Increases price for sold Intel Records by 10% + Electronics Skill. Contact Influence gains or losses increased by Charisma %,3 weeks Cooldown,https://d1u5p3l4wpay3k.cloudfront.net/startraders_gamepedia_en/4/4e/Talent_spy_intel_profit_normal.png?version=bf373bee69a8c3ab6c23d17173050089
skill save,Deft Control,Spy,5,"Automatically passes a failed Electronics test in any situation, including spying, deep space travel, or during a mission",3 weeks Cooldown,https://d1u5p3l4wpay3k.cloudfront.net/startraders_gamepedia_en/2/2c/Talent_skill_eletrconics_normal.png?version=5821944e61d5759876cebcf4dd58269a
rank,Deserving Rank,Military Officer,5,Price for military Rank is discounted by 10% + Command Skill,3 weeks Cooldown,https://d1u5p3l4wpay3k.cloudfront.net/startraders_gamepedia_en/9/91/Talent_money_rank_normal.png?version=bb57edc1f923121682c46a668435a3a1
,Devastating Approach,Pilot,8,"If any ship weapons hit, this Crippling Attack causes -25% Dmg, -15 Range Change for the next 4 Turns",3 weeks Cooldown,https://d1u5p3l4wpay3k.cloudfront.net/startraders_gamepedia_en/8/83/Talent_badge_shipcombat.png?version=4f4a71340a5cbf567660c4bccf50c8f6
,Devastating Charge,Swordsman,5,"In crew combat, Crippling Blade Attack; successful hit causes 50% Stun, -2 Initiative, -25% Parry for 2 Turns, advances 1 slot",Costs Weapon's Initiative to use (No Valid Weapon),https://d1u5p3l4wpay3k.cloudfront.net/startraders_gamepedia_en/8/85/Talent_badge_crewcombat.png?version=d4dc696fe041acbc6e999a0fa69c3934
mission,Devoted Service,Zealot,1,"When completing steps in a Mission, increase Faction Reputation bonuses 10% + Command Skill",3 weeks Cooldown,https://d1u5p3l4wpay3k.cloudfront.net/startraders_gamepedia_en/3/31/Talent_increase_mission_rep_commander_normal.png?version=fb24cbdc5001d2a120465b1dda977f08
patrol,Diehard Defense,Zealot,11,"When Patrolling a system, replace a risk card with Mission success reward card.",3 weeks Cooldown,https://d1u5p3l4wpay3k.cloudfront.net/startraders_gamepedia_en/4/4c/Talent_patrol_mission_normal.png?version=3debfea39018654e292cfad6cdba127c
explore,Digging Deeper,Explorer,11,"While Exploring a Wild Zone, increase all resource or artifact rewards by 30% + Explorer Skill",3 weeks Cooldown,https://d1u5p3l4wpay3k.cloudfront.net/startraders_gamepedia_en/d/da/Talent_explorer_passive_double_normal.png?version=4cf500e546acb2b31505c9e15aa2f6c0
,Disabling Shot,Pirate,11,"If any ship weapons hit, this Crippling Attack causes -25% Defense, -25 Range Change for the next 4 Turns",3 weeks Cooldown,https://d1u5p3l4wpay3k.cloudfront.net/startraders_gamepedia_en/8/83/Talent_badge_shipcombat.png?version=4f4a71340a5cbf567660c4bccf50c8f6
,Disappearing Act,Spy,1,"In crew combat, Buff yourself with +2 Initiative, +25% Parry, +25% Dodge, Engages Stealth Mode, +(10% + Stealth) Critical; lasts for 3 Turns",Costs 8 Initiative to use,https://d1u5p3l4wpay3k.cloudfront.net/startraders_gamepedia_en/8/85/Talent_badge_crewcombat.png?version=d4dc696fe041acbc6e999a0fa69c3934
boarding,Disarming Sabotage,Gunner,5,"After a successful Boarding, ruthless sabotage disables best enemy weapon, causing 80% damage",9 weeks Cooldown,https://d1u5p3l4wpay3k.cloudfront.net/startraders_gamepedia_en/3/3f/Talent_boarding_gunner_disarm_normal.png?version=96368c4c4bf376ee5eed67d66af2e998
recruit,Discerning Glance,Commander,1,"When Recruiting, discover one Trait from a new crew member. Your newly hired Recruit gains improved Attributes",3 weeks Cooldown,https://d1u5p3l4wpay3k.cloudfront.net/startraders_gamepedia_en/6/62/Talent_commander_discernglance_normal.png?version=c8105d80dd4a7deee58a88bc729e74bd
,Discipline,Soldier,1,"In crew combat, Removes all Debuffs; Buff yourself with +25% Dodge, +10% Armor, +25% To Resist Debuffs for 3 Turns",Costs 6 Initiative to use,https://d1u5p3l4wpay3k.cloudfront.net/startraders_gamepedia_en/8/85/Talent_badge_crewcombat.png?version=d4dc696fe041acbc6e999a0fa69c3934
repair,Discounted Repairs,Mechanic,1,Reduces cost of ship repair at a Starport by 10% + Repair Skill,3 weeks Cooldown,https://d1u5p3l4wpay3k.cloudfront.net/startraders_gamepedia_en/5/53/Talent_money_repair_normal.png?version=3d4019c2d7078b6f4cdfafcf42e1eced
mission,Distant Commission,Hyperwarp Navigator,8,"Increases Mission payment for Missions that require more than 4 Hyperwarp jumps, adding 3% for each jump over 4, to a maximum of 30% bonus",3 weeks Cooldown,https://d1u5p3l4wpay3k.cloudfront.net/startraders_gamepedia_en/4/43/Talent_increase_mission_nav_normal.png?version=5746f1514e2fb95e7cbbeb31b2b135bd
,Distracting Shots,Spy,5,"In crew combat, Pistol Attack with +10% Ranged Damage, +10% Armor Piercing, retreats 1 slot. Successful attack Buffs yourself with Engages Stealth Mode, +(10% + Stealth) Critical for 3 Turns",Costs Weapon's Initiative to use (No Valid Weapon),https://d1u5p3l4wpay3k.cloudfront.net/startraders_gamepedia_en/8/85/Talent_badge_crewcombat.png?version=d4dc696fe041acbc6e999a0fa69c3934
on init,Dominant Eye,Sniper,1,"When making Initiative Roll in Crew Combat, Requires Stealth Mode active; Buff yourself with +25% Ranged Accuracy, +20% Armor Piercing, +10% Critical, +10% Dodge for 3 Turns",Chance to activate at the start of each combat turn,https://d1u5p3l4wpay3k.cloudfront.net/startraders_gamepedia_en/8/85/Talent_badge_crewcombat.png?version=d4dc696fe041acbc6e999a0fa69c3934
destroy,Dredge Artifacts,Explorer,8,Pick over the wreck of a destroyed xeno ship to recover a number of Artifacts up to your Explore Skill,3 weeks Cooldown,https://d1u5p3l4wpay3k.cloudfront.net/startraders_gamepedia_en/c/ca/Talent_victory_dredge_artifacts_normal.png?version=8f5a012b55bfe4e9f81148b6ca1db9b0
explore,Driven Prospector,Explorer,11,"While Exploring a Wild Zone, replace a risk with a Mission Success reward card",3 weeks Cooldown,https://d1u5p3l4wpay3k.cloudfront.net/startraders_gamepedia_en/2/2a/Talent_explorer_mission_normal.png?version=9e5e5e87c98a1b7011c7906a63a2b561
,Dueler's Stance,Pistoleer,5,"In crew combat, Removes all Debuffs; Buff yourself with +20% Deflection, +25% Parry, +25% Dodge, +50% To Resist Debuffs for 3 Turns",Costs 6 Initiative to use,https://d1u5p3l4wpay3k.cloudfront.net/startraders_gamepedia_en/8/85/Talent_badge_crewcombat.png?version=d4dc696fe041acbc6e999a0fa69c3934
,E-Shock Grenade,Exo-Scout,8,"In crew combat, Grenade Attack hits 2 targets with 31-60 Dmg and Cripples with causes 25% Stun, -25% All Accuracy, -25% All Damage, -20% Deflection for 2 Turns",Costs 16 Initiative to use,https://d1u5p3l4wpay3k.cloudfront.net/startraders_gamepedia_en/8/85/Talent_badge_crewcombat.png?version=d4dc696fe041acbc6e999a0fa69c3934
,E-Suture,Combat Medic,1,"In crew combat, Heals entire team (6 HP + 0 Doctor) HP",Costs 18 Initiative to use,https://d1u5p3l4wpay3k.cloudfront.net/startraders_gamepedia_en/8/85/Talent_badge_crewcombat.png?version=d4dc696fe041acbc6e999a0fa69c3934
,Eagle Eye,Sniper,5,"In crew combat, Buff yourself with +2 Initiative, +10% Ranged Accuracy, +10% Ranged Damage, +10% Critical, +25% To Resist Debuffs for 3 Turns",Costs 8 Initiative to use,https://d1u5p3l4wpay3k.cloudfront.net/startraders_gamepedia_en/8/85/Talent_badge_crewcombat.png?version=d4dc696fe041acbc6e999a0fa69c3934
jump,Efficient Route,Hyperwarp Navigator,1,Methodical planning of Hyperwarp Jumps reduces fuel cost by 4 + Navigation skill,3 weeks Cooldown,https://d1u5p3l4wpay3k.cloudfront.net/startraders_gamepedia_en/3/32/Talent_nav_cheapjump_normal.png?version=a2d58fb80c3bf6adb46fadb1b4da3b14
,Engine Precision,Mechanic,1,"Buffs Ship with +2 Reactor Pts, +20% Defense, Self-inflicts +10 Component Dmg/Turn for next 2 Turns",3 weeks Cooldown,https://d1u5p3l4wpay3k.cloudfront.net/startraders_gamepedia_en/8/83/Talent_badge_shipcombat.png?version=4f4a71340a5cbf567660c4bccf50c8f6
,Engine Reboot,Mechanic,5,Repairs Ship Engine up to 10% plus Repair Skill,9 weeks Cooldown,https://d1u5p3l4wpay3k.cloudfront.net/startraders_gamepedia_en/8/83/Talent_badge_shipcombat.png?version=4f4a71340a5cbf567660c4bccf50c8f6
spy,Espionage Sweep,Spy,1,"When Spying in the orbit of a system, remove a risk card",3 weeks Cooldown,https://d1u5p3l4wpay3k.cloudfront.net/startraders_gamepedia_en/5/5b/Talent_spy_remove_normal.png?version=4b844ee2bb66b698a04ff693685fa5c0
,Evasive Maneuvers,Pilot,1,"Buffs Ship with +25% Defense, +5% Shield, +10% Armor for next 3 Turns",3 weeks Cooldown,https://d1u5p3l4wpay3k.cloudfront.net/startraders_gamepedia_en/8/83/Talent_badge_shipcombat.png?version=4f4a71340a5cbf567660c4bccf50c8f6
skill save,Exacting Design,Hyperwarp Navigator,1,"Automatically passes a failed Tactics test in any situation, including on patrol, deep space travel, or during a mission",3 weeks Cooldown,https://d1u5p3l4wpay3k.cloudfront.net/startraders_gamepedia_en/5/59/Talent_skill_tactics_normal.png?version=6def976abf99910fc95233f98034c254
skill save,Expert Maneuver,Pilot,1,"Automatically passes a failed Pilot test in any situation, including deep space travel, landing, or hyperwarp travel",3 weeks Cooldown,https://d1u5p3l4wpay3k.cloudfront.net/startraders_gamepedia_en/d/dd/Talent_skill_pilot_normal.png?version=8b55f962c2bb2c5bb7219c11b4b33607
skill save,Expert Planning,Military Officer,1,"Automatically passes a failed Tactics test in any situation, including on patrol, deep space travel, or during a mission",3 weeks Cooldown,https://d1u5p3l4wpay3k.cloudfront.net/startraders_gamepedia_en/5/59/Talent_skill_tactics_normal.png?version=6def976abf99910fc95233f98034c254
destroy,Expert Scavenger,Mechanic,1,"Salvage the wreck of a destroyed ship for valuable scrap, add 10% + Repair Skill to your profits and repair equal % of your own Hull",3 weeks Cooldown,https://d1u5p3l4wpay3k.cloudfront.net/startraders_gamepedia_en/5/58/Talent_victory_scavenge_normal.png?version=ca0ac0d8f6f2c562919a4da484f8503a
,Expose Quality,Diplomat,1,Empathetic sense grants Wisdom % to reveal a Contact's hidden Traits during any interaction where money changes hands,26 weeks Cooldown,https://d1u5p3l4wpay3k.cloudfront.net/startraders_gamepedia_en/2/2d/Talent_fire_normal.png?version=2e1dd7ae1a4dea71d8c71d0c85f6e7d8
xeno,Face the Terror,Explorer,8,"When encountering a xeno ship in space combat, prevents Morale loss on up to Explorer Skill number of crew",3 weeks Cooldown,https://d1u5p3l4wpay3k.cloudfront.net/startraders_gamepedia_en/2/2d/Talent_fire_normal.png?version=2e1dd7ae1a4dea71d8c71d0c85f6e7d8
,Fading Shot,Pistoleer,1,"In crew combat, Pistol Attack, retreats 1 slot. Successful attack Buffs yourself with +25% Ranged Accuracy, +25% Armor for 3 Turns",Costs Weapon's Initiative to use (No Valid Weapon),https://d1u5p3l4wpay3k.cloudfront.net/startraders_gamepedia_en/8/85/Talent_badge_crewcombat.png?version=d4dc696fe041acbc6e999a0fa69c3934
,Failsafe Protocols,Crew Dog,1,Purges Ship of any Crippling Ship Effects,3 weeks Cooldown,https://d1u5p3l4wpay3k.cloudfront.net/startraders_gamepedia_en/8/83/Talent_badge_shipcombat.png?version=4f4a71340a5cbf567660c4bccf50c8f6
encounter,Faked Signature,Smuggler,5,Confusing or forged credentials are enough to throw even the most dogged pursuer; can be used to reduce the hostility of Bounty Hunters,3 weeks Cooldown,https://d1u5p3l4wpay3k.cloudfront.net/startraders_gamepedia_en/2/2d/Talent_fire_normal.png?version=2e1dd7ae1a4dea71d8c71d0c85f6e7d8
encounter,Faked Signature,Spy,8,Confusing or forged credentials are enough to throw even the most dogged pursuer; can be used to reduce the hostility of Bounty Hunters,3 weeks Cooldown,https://d1u5p3l4wpay3k.cloudfront.net/startraders_gamepedia_en/4/4c/Talent_spy_forged_normal.png?version=a678cf3ca8787e3bdb6bd5dbdebf98b7
encounter,Faked Signature,Pirate,8,Confusing or forged credentials are enough to throw even the most dogged pursuer; can be used to reduce the hostility of Bounty Hunters,3 weeks Cooldown,https://d1u5p3l4wpay3k.cloudfront.net/startraders_gamepedia_en/7/74/Talent_pirate_sigjam_normal.png?version=2b4cc963c3317363c98cd50984e253fe
skill save,Famous Fury,Zealot,1,"Automatically passes a failed Intimidate test in any situation, including deep space travel, mutiny, or during a mission",3 weeks Cooldown,https://d1u5p3l4wpay3k.cloudfront.net/startraders_gamepedia_en/5/5b/Talent_skill_intimidate_normal.png?version=a55df50007953cd4adede8e7d8b2f8c1
victory,Fanatical Court,Zealot,15,"Upon defeating an enemy captain during a Conflict, seize their ship through a local prize court. We must pay the court 65% of the ship's value in tithes and fees and we will lose 60 Reputation with the enemy while striking a mighty blow in the Conflict",36 weeks Cooldown,https://d1u5p3l4wpay3k.cloudfront.net/startraders_gamepedia_en/3/35/Talent_prize_ship_zealot_normal.png?version=b55be62ffd2faba684672dc52a0764d4
blockade,Fanatical Siege,Zealot,5,"During a Blockade of a system, replace a risk card with a Tithe or Influence Conflict reward card.",3 weeks Cooldown,https://d1u5p3l4wpay3k.cloudfront.net/startraders_gamepedia_en/a/a2/Talent_blockade_money_normal.png?version=17f4f4bf215aa19cf48ca3e41a545958
jump,Far Voyager,Explorer,1,"An expert rover knows the ins and outs of the Hyperwarp, reduces fuel cost by 2 + Explore Skill",3 weeks Cooldown,https://d1u5p3l4wpay3k.cloudfront.net/startraders_gamepedia_en/2/23/Talent_explorer_voyager_normal.png?version=8704fd26f0f38b18b83093914640e481
,Fast Getaway,Hyperwarp Navigator,1,"Rapid Navigation calculations make for a quick escape. Buffs Ship with +5% Armor, +20 Escape for next 2 Turns",3 weeks Cooldown,https://d1u5p3l4wpay3k.cloudfront.net/startraders_gamepedia_en/8/83/Talent_badge_shipcombat.png?version=4f4a71340a5cbf567660c4bccf50c8f6
,Fearsome Charge,Soldier,11,"In crew combat, Rifle Attack, advances 1 slot. Successful attack Buffs yourself with +25% All Damage, +25% Critical for 3 Turns",Costs Weapon's Initiative to use (No Valid Weapon),https://d1u5p3l4wpay3k.cloudfront.net/startraders_gamepedia_en/8/85/Talent_badge_crewcombat.png?version=d4dc696fe041acbc6e999a0fa69c3934
boarding,Ferocious Crossfire,Soldier,5,"After a successful Boarding, spraying corridor and decks with hexshell fire and leaves a trail of wounded; 4 enemy crew suffer 30-50 Damage",9 weeks Cooldown,https://d1u5p3l4wpay3k.cloudfront.net/startraders_gamepedia_en/d/df/Talent_boarding_soldier_crossfire_normal.png?version=eb10a78bb948fa1887dede52466013cf
on init,Ferocity,Soldier,1,"When making Initiative Roll in Crew Combat, Buff yourself with -10% Ranged Accuracy, +30% Ranged Damage, +15% Critical, -25% Dodge for 3 Turns",Chance to activate at the start of each combat turn,https://d1u5p3l4wpay3k.cloudfront.net/startraders_gamepedia_en/8/85/Talent_badge_crewcombat.png?version=d4dc696fe041acbc6e999a0fa69c3934
,Fervor,Zealot,8,"In crew combat, Removes all Debuffs; Buffs 3 targets with +2 Initiative for 3 Turns and Restores (10 + 0 Command) Morale",Costs 6 Initiative to use,https://d1u5p3l4wpay3k.cloudfront.net/startraders_gamepedia_en/8/85/Talent_badge_crewcombat.png?version=d4dc696fe041acbc6e999a0fa69c3934
,Field Surgery,Doctor,1,"In crew combat, Removes all Debuffs; Heals (20 HP + 0 Doctor) HP",Costs 6 Initiative to use,https://d1u5p3l4wpay3k.cloudfront.net/startraders_gamepedia_en/8/85/Talent_badge_crewcombat.png?version=d4dc696fe041acbc6e999a0fa69c3934
,Firing Orders,Gunner,11,"Buffs Ship with +35% Accuracy, +35% Dmg for next 3 Turns",3 weeks Cooldown,https://d1u5p3l4wpay3k.cloudfront.net/startraders_gamepedia_en/8/83/Talent_badge_shipcombat.png?version=4f4a71340a5cbf567660c4bccf50c8f6
skill save,First Aid,Combat Medic,1,"Automatically passes a failed Doctor test in any situation, including onboard healing, saving lives in accidents, or while exploring",3 weeks Cooldown,https://d1u5p3l4wpay3k.cloudfront.net/startraders_gamepedia_en/6/69/Talent_skill_doctor_normal.png?version=7445532b258060da90a5ab7374ed8891
,Flash Fury,Swordsman,5,"In crew combat, Blade Attack with +25% Armor Piercing, +25% Critical and removes all Buffs from target, knocks target back 1 slot",Costs Weapon's Initiative to use (No Valid Weapon),https://d1u5p3l4wpay3k.cloudfront.net/startraders_gamepedia_en/8/85/Talent_badge_crewcombat.png?version=d4dc696fe041acbc6e999a0fa69c3934
,Flatline,Combat Medic,8,"In crew combat, Removes all Debuffs/Buffs; Restores entire team (10 + 0 Doctor) Morale",Costs 14 Initiative to use,https://d1u5p3l4wpay3k.cloudfront.net/startraders_gamepedia_en/8/85/Talent_badge_crewcombat.png?version=d4dc696fe041acbc6e999a0fa69c3934
encounter,Forged Permit,Smuggler,5,Well-forged documents can open doors; can be used to reduce the hostility of military ships encountered in travel,3 weeks Cooldown,https://d1u5p3l4wpay3k.cloudfront.net/startraders_gamepedia_en/2/2d/Talent_fire_normal.png?version=2e1dd7ae1a4dea71d8c71d0c85f6e7d8
,Frag Grenade,Bounty Hunter,11,"In crew combat, Grenade Attack hits 2 targets with 31-60 Dmg and Cripples with -2 Initiative, +20 Bleeding, -30% Deflection, -20% Armor for 3 Turns",Costs 16 Initiative to use,https://d1u5p3l4wpay3k.cloudfront.net/startraders_gamepedia_en/8/85/Talent_badge_crewcombat.png?version=d4dc696fe041acbc6e999a0fa69c3934
spice,Friendly Banter,Merchant,1,"When passing the Spice plate, you have a Charisma % chance to learn about a Contact from the idle banter in the Hall",13 weeks Cooldown,https://d1u5p3l4wpay3k.cloudfront.net/startraders_gamepedia_en/2/2d/Talent_fire_normal.png?version=2e1dd7ae1a4dea71d8c71d0c85f6e7d8
,Frontline Brave,Soldier,8,"In crew combat, Buffs entire team with +2 Initiative, +10% All Damage, +10% Critical, +10% Armor for 3 Turns",Costs 12 Initiative to use,https://d1u5p3l4wpay3k.cloudfront.net/startraders_gamepedia_en/8/85/Talent_badge_crewcombat.png?version=d4dc696fe041acbc6e999a0fa69c3934
,Full Auto,Soldier,8,"In crew combat, Rifle Attack hits 2 targets with +15% Ranged Damage, +10% Armor Piercing, +25% Critical. Successful attack Debuffs yourself with -25% Ranged Accuracy, -25% All Damage, -10% Dodge for 2 Turns",Costs 2X Weapon's Initiative to use (No Valid Weapon),https://d1u5p3l4wpay3k.cloudfront.net/startraders_gamepedia_en/8/85/Talent_badge_crewcombat.png?version=d4dc696fe041acbc6e999a0fa69c3934
,Furious Prodding,Pirate,1,"Purges your Ship's Crew of any Crippling Effects, Restores Intimidate Skill worth of Morale to 10 Crew",3 weeks Cooldown,https://d1u5p3l4wpay3k.cloudfront.net/startraders_gamepedia_en/8/83/Talent_badge_shipcombat.png?version=4f4a71340a5cbf567660c4bccf50c8f6
,Garbled Identity,Smuggler,5,"Masks ship's signal to prevent identification. When ending a ship encounter in a draw, reduce possible Reputation damage by up to Stealth Skill",3 weeks Cooldown,https://d1u5p3l4wpay3k.cloudfront.net/startraders_gamepedia_en/f/f7/Talent_smuggler_signjam_normal.png?version=2ca4c5116628203addff8ebda84f9372
trade,Garner Favor,Merchant,5,"When executing a trade at the Exchange worth over $5,000, gain Reputation up to your Negotiate Skill with the local Faction",9 weeks Cooldown,https://d1u5p3l4wpay3k.cloudfront.net/startraders_gamepedia_en/1/16/Talent_increase_exchange_rep_normal.png?version=cf966704b9761701ed06165585a7b94c
pay,Generosity,Merchant,5,"When paying your crew, increase Morale bonus for those paid. Any Morale penalty for any unpaid crew is reduced",3 weeks Cooldown,https://d1u5p3l4wpay3k.cloudfront.net/startraders_gamepedia_en/3/33/Talent_increase_pay_morale2_normal.png?version=93fab65203c035393e667e3374828adc
landing,Generous in Service,Doctor,8,"If ship's Medical Rating exceeds landing zone's Economy Rating, provides free care to citizenry and gain Rep up to half Medical Rating",9 weeks Cooldown,https://d1u5p3l4wpay3k.cloudfront.net/startraders_gamepedia_en/2/2d/Talent_fire_normal.png?version=2e1dd7ae1a4dea71d8c71d0c85f6e7d8
patrol,Guardian Vigil,Military Officer,11,"When Patrolling a system, replace a risk card with Mission success reward card.",3 weeks Cooldown,https://d1u5p3l4wpay3k.cloudfront.net/startraders_gamepedia_en/4/4c/Talent_patrol_mission_normal.png?version=3debfea39018654e292cfad6cdba127c
,Guided Fire,Pilot,1,"Buffs Ship with +15% Accuracy, +10% Critical for next 3 Turns",3 weeks Cooldown,https://d1u5p3l4wpay3k.cloudfront.net/startraders_gamepedia_en/8/83/Talent_badge_shipcombat.png?version=4f4a71340a5cbf567660c4bccf50c8f6
skill save,Gut Instinct,Explorer,1,Automatically passes a failed Explore test in any situation; including Exploration or during a mission,3 weeks Cooldown,https://d1u5p3l4wpay3k.cloudfront.net/startraders_gamepedia_en/e/e8/Talent_skill_explorer_normal.png?version=77cc70106c11a2cf4fcfde042269e84a
pay,Hand that Feeds,Diplomat,5,"When paying your crew, increase Morale bonus for those paid. Any Morale penalty for any unpaid crew is reduced",3 weeks Cooldown,https://d1u5p3l4wpay3k.cloudfront.net/startraders_gamepedia_en/f/f3/Talent_increase_pay_morale_normal.png?version=c19668ed6b8400baf081ed76268ae5fd
new ship,Hard Bargain,Engineer,8,"When buying a new ship, gain a discount up to Repair Skill with maximum of 15%",3 weeks Cooldown,https://d1u5p3l4wpay3k.cloudfront.net/startraders_gamepedia_en/0/04/Talent_money_newship_normal.png?version=723b85444c6650e62455cc460d23513b
xeno,Hardened Soul,Exo-Scout,5,CURRENTLY NOT IMPLEMENTED. Fires on encountering a Xeno Craft;,3 weeks Cooldown,https://d1u5p3l4wpay3k.cloudfront.net/startraders_gamepedia_en/2/2d/Talent_fire_normal.png?version=2e1dd7ae1a4dea71d8c71d0c85f6e7d8
blockade,Hawkish Siege,Crew Dog,5,"When Blockading a system, reroll a card.",3 weeks Cooldown,https://d1u5p3l4wpay3k.cloudfront.net/startraders_gamepedia_en/f/f0/Talent_blockade_reroll_normal.png?version=636914f94daaf7707c5551624c906f23
upgrade,Helpful Hands,Mechanic,8,Discounts any upgrade of a ship component at the Starport by 10% + Repair Skill,3 weeks Cooldown,https://d1u5p3l4wpay3k.cloudfront.net/startraders_gamepedia_en/6/69/Talent_money_upgrade_normal.png?version=81ecc9d81f9bd9b8bd79ebbeed3e683b
searched,Hideout,Smuggler,1,"Prevents seizure of packages, prisoners or passengers when searched by an enemy vessel",3 weeks Cooldown,https://d1u5p3l4wpay3k.cloudfront.net/startraders_gamepedia_en/2/2d/Talent_fire_normal.png?version=2e1dd7ae1a4dea71d8c71d0c85f6e7d8
spy,High Stakes,Spy,11,"When Spying in the orbit of a system, increase all Intel rewards by 30% + Electronics Skill",3 weeks Cooldown,https://d1u5p3l4wpay3k.cloudfront.net/startraders_gamepedia_en/e/e6/Talent_spy_passive_double_normal.png?version=947a2966462ed0cb367d785ad54bb29b
,Honorable Release,Military Officer,8,"Increase profit when ransoming defeated ship back to their Faction by 10% + Command Skill, plus Wisdom % chance to gain small Reputation bonus",9 weeks Cooldown,https://d1u5p3l4wpay3k.cloudfront.net/startraders_gamepedia_en/2/2d/Talent_fire_normal.png?version=2e1dd7ae1a4dea71d8c71d0c85f6e7d8
skill save,Hotwire,Electronics Tech,1,"Automatically passes a failed Electronics test in any situation, including spying, deep space travel, or during a mission",3 weeks Cooldown,https://d1u5p3l4wpay3k.cloudfront.net/startraders_gamepedia_en/2/2c/Talent_skill_eletrconics_normal.png?version=5821944e61d5759876cebcf4dd58269a
,Hunter's Challenge,Bounty Hunter,5,"In crew combat, intimidating command causes 20 (+Intimidate) Morale Loss, pulls target forward 1 slot",Costs 12 Initiative to use,https://d1u5p3l4wpay3k.cloudfront.net/startraders_gamepedia_en/8/85/Talent_badge_crewcombat.png?version=d4dc696fe041acbc6e999a0fa69c3934
skill save,Icy Stare,Pirate,1,"Automatically passes a failed Intimidate test in any situation, including deep space travel, mutiny, or during a mission",3 weeks Cooldown,https://d1u5p3l4wpay3k.cloudfront.net/startraders_gamepedia_en/5/5b/Talent_skill_intimidate_normal.png?version=a55df50007953cd4adede8e7d8b2f8c1
smuggle,Illicit Notoriety,Smuggler,1,"When accessing a Black Market, always gain access at one Access Level higher",3 weeks Cooldown,https://d1u5p3l4wpay3k.cloudfront.net/startraders_gamepedia_en/6/67/Talent_blackmarket_passive_normal.png?version=ef0a8be066a98e433884a3ed9d913805
,Incite Victory,Military Officer,11,"Buffs Ship with +20% Boarding, +25% Accuracy, +25% Dmg, +25% Critical for next 3 Turns, Restores Command Skill worth of Morale to 10 Crew",3 weeks Cooldown,https://d1u5p3l4wpay3k.cloudfront.net/startraders_gamepedia_en/8/83/Talent_badge_shipcombat.png?version=4f4a71340a5cbf567660c4bccf50c8f6
blockade,Infamous Presence,Pirate,5,"During Blockade of a system, increase reward by 10% + Intimidate Skill",3 weeks Cooldown,https://d1u5p3l4wpay3k.cloudfront.net/startraders_gamepedia_en/4/42/Talent_blockade_passive_bonus_normal.png?version=bbd06b9cf1177bd26df33018aa2e054e
on init,Infliction Rage,Zealot,11,"When making Initiative Roll in Crew Combat, Buff yourself with +3 Initiative, +25% All Damage, +25% Armor for 3 Turns, Restores (5 + 0 Intimidate) Morale",Chance to activate at the start of each combat turn,https://d1u5p3l4wpay3k.cloudfront.net/startraders_gamepedia_en/8/85/Talent_badge_crewcombat.png?version=d4dc696fe041acbc6e999a0fa69c3934
smuggle,Insider Trading,Smuggler,8,"When executing a trade at the Black Market worth over $5,000, gain Reputation up to your Negotiate Skill with your Contact",9 weeks Cooldown,https://d1u5p3l4wpay3k.cloudfront.net/startraders_gamepedia_en/5/5b/Talent_increase_blackmarket_rep_normal.png?version=8122c577c1e234b9e04fc4c0bd731a84
encounter,Jettison Cargo,Merchant,5,Dumping one randomized type of our ship's cargo into space buys time to escape a Pirate before Ship Combat starts,3 weeks Cooldown,https://d1u5p3l4wpay3k.cloudfront.net/startraders_gamepedia_en/8/80/Talent_merchant_jettison_normal.png?version=2952a97847652f03ecee6d7aa5a3bdec
explore,Keen Senses,Exo-Scout,5,"While Exploring a Wild Zone, reroll any card",3 weeks Cooldown,https://d1u5p3l4wpay3k.cloudfront.net/startraders_gamepedia_en/1/1d/Talent_explorer_reroll_normal.png?version=08c8e7d1c2a1ece0a0bcbd70598fafed
,Killer's Aim,Spy,11,"In crew combat, Requires Stealth Mode active; Buff yourself with +2 Initiative, +20% Armor Piercing, +35% Critical for 3 Turns",Costs 6 Initiative to use,https://d1u5p3l4wpay3k.cloudfront.net/startraders_gamepedia_en/8/85/Talent_badge_crewcombat.png?version=d4dc696fe041acbc6e999a0fa69c3934
,Know Thy Enemy,Exo-Scout,8,"In crew combat against xeno only, Crippling Rifle Attack causes -25% Deflection, -25% Dodge, -40% Armor, -16 Plasma Shielding for 3 Turns",Costs Weapon's Initiative to use (No Valid Weapon),https://d1u5p3l4wpay3k.cloudfront.net/startraders_gamepedia_en/8/85/Talent_badge_crewcombat.png?version=d4dc696fe041acbc6e999a0fa69c3934
permit,Known Trader,Merchant,1,Discounts price for trading Permit by 10% + Negotiate Skill. Contact spends Charisma % less Reputation,3 weeks Cooldown,https://d1u5p3l4wpay3k.cloudfront.net/startraders_gamepedia_en/1/11/Talent_money_permit_normal.png?version=b09153133249e15a08c00613dd2a9ed0
,Leader in the Ranks,Military Officer,5,"In crew combat, Removes all Debuffs; Restores entire team (10 + 0 Tactics) Morale",Costs 12 Initiative to use,https://d1u5p3l4wpay3k.cloudfront.net/startraders_gamepedia_en/8/85/Talent_badge_crewcombat.png?version=d4dc696fe041acbc6e999a0fa69c3934
explore,Legacy Seeker,Explorer,8,"While Exploring a Wild Zone, replace a risk with a reward card",3 weeks Cooldown,https://d1u5p3l4wpay3k.cloudfront.net/startraders_gamepedia_en/7/70/Talent_explorer_upgrade_normal.png?version=6febe6c8bb29102c4d62475a1eb94e7d
,Legal Pressure,Diplomat,8,Increase profit when ransoming defeated ship back to their Faction by 10% + Intimidate Skill,9 weeks Cooldown,https://d1u5p3l4wpay3k.cloudfront.net/startraders_gamepedia_en/e/e1/Talent_increase_ransom_normal.png?version=cb652c7268a335582f71b106ad42476f
mutiny,Lethal Example,Pirate,8,Outright killing the lowest Morale mutineer sets a cruel example and reminds the crew who is in charge. The mutiny ends and Morale of the entire crew is increased by 20 + Intimidate Skill,26 weeks Cooldown,https://d1u5p3l4wpay3k.cloudfront.net/startraders_gamepedia_en/6/6a/Talent_pirate_lethal_example_normal.png?version=2326e77574cc919c7d738c31b7228c15
,Lethal Trap,Bounty Hunter,1,"In crew combat, Crippling Rifle Attack; successful hit Pins Target and causes -20% Deflection, -10% Armor for 3 Turns",Costs Weapon's Initiative to use (No Valid Weapon),https://d1u5p3l4wpay3k.cloudfront.net/startraders_gamepedia_en/8/85/Talent_badge_crewcombat.png?version=d4dc696fe041acbc6e999a0fa69c3934
,Life Saver,Doctor,5,"Saves a life during ship combat, blockade, spying, patrol or black market. Crew member is restored to HP equal to Doctor Skill + 3 x Medical Rating of onboard medical components",9 weeks Cooldown,https://d1u5p3l4wpay3k.cloudfront.net/startraders_gamepedia_en/2/2d/Talent_fire_normal.png?version=2e1dd7ae1a4dea71d8c71d0c85f6e7d8
,Lifeline,Combat Medic,8,"In crew combat, Buffs with +2 Initiative, +10% Armor Piercing, +50% To Resist Debuffs for 3 Turns and Heals (36 + 0 Doctor) HP",Costs 12 Initiative to use,https://d1u5p3l4wpay3k.cloudfront.net/startraders_gamepedia_en/8/85/Talent_badge_crewcombat.png?version=d4dc696fe041acbc6e999a0fa69c3934
landing,Listening Post,Electronics Tech,8,"Upon landing in an Urban Zone, 10% + Electronics Skill chance of learning about a new Contact by snooping on local transmissions",13 weeks Cooldown,https://d1u5p3l4wpay3k.cloudfront.net/startraders_gamepedia_en/8/82/Talent_elo_listening_normal.png?version=328f75ee2912fac548f39a388eef1a08
victory,Loot Armory,Gunner,1,"Expert in all military hardware, looting a captured vessel repairs up to 3 of your Ship's Weapon Components by 10% + Gunnery Skill",3 weeks Cooldown,https://d1u5p3l4wpay3k.cloudfront.net/startraders_gamepedia_en/8/83/Talent_victory_battle_weapons_normal.png?version=2bba93964cb39b90e88283c88bae9fbb
victory,Loyalty Rousing,Commander,1,"Upon defeating enemy ship, you give an inspiring speech which causes up to 10 crew gain 10 + Command Skill in Morale",3 weeks Cooldown,https://d1u5p3l4wpay3k.cloudfront.net/startraders_gamepedia_en/b/bb/Talent_commander_loyalty_normal.png?version=4919885e53363f36ef2f69bf46286807
trade,Lucrative Wholesale,Merchant,11,"When executing a trade at the Exchange worth over $50,000, generates Intel Records up to Negotiate Skill from market insight",9 weeks Cooldown,https://d1u5p3l4wpay3k.cloudfront.net/startraders_gamepedia_en/9/98/Talent_trade_create_intel_normal.png?version=132d9889d0d730835c50802063e855cb
victory,Magnanimous Victory,Diplomat,8,"Forgiving and charitable even in victory over another ship, negates Reputation damage up to your Negotiate Skill",3 weeks Cooldown,https://d1u5p3l4wpay3k.cloudfront.net/startraders_gamepedia_en/2/2d/Talent_fire_normal.png?version=2e1dd7ae1a4dea71d8c71d0c85f6e7d8
wild,Makeshift Repairs,Explorer,5,"Upon landing in a Wild Zone, effects small repairs to damaged components equal to Richness rating up to Explore Skill",9 weeks Cooldown,https://d1u5p3l4wpay3k.cloudfront.net/startraders_gamepedia_en/2/2d/Talent_fire_normal.png?version=2e1dd7ae1a4dea71d8c71d0c85f6e7d8
,Mark the Beast,Explorer,11,CURRENTLY NOT IMPLEMENTED. This Talent is not implemented and has no working features at this time.,3 weeks Cooldown,https://d1u5p3l4wpay3k.cloudfront.net/startraders_gamepedia_en/2/2d/Talent_fire_normal.png?version=2e1dd7ae1a4dea71d8c71d0c85f6e7d8
trade,Market Confidant,Merchant,1,"When executing a trade at the Exchange worth over $5,000, you have a 10% + Charisma chance of gaining an introduction to a Contact from the local Faction",9 weeks Cooldown,https://d1u5p3l4wpay3k.cloudfront.net/startraders_gamepedia_en/2/2d/Talent_fire_normal.png?version=2e1dd7ae1a4dea71d8c71d0c85f6e7d8
skill save,Medical Staff,Doctor,1,"Automatically passes a failed Doctor test in any situation, including onboard healing, saving lives in accidents, or while exploring",3 weeks Cooldown,https://d1u5p3l4wpay3k.cloudfront.net/startraders_gamepedia_en/6/69/Talent_skill_doctor_normal.png?version=7445532b258060da90a5ab7374ed8891
victory,Medical Ward,Doctor,5,"Upon defeating an enemy ship, heal 3 crew, or up to (Medical Rating x 3) on ships with advanced medical facilities. Each patient gains 10 + Doctor Skill in HP",3 weeks Cooldown,https://d1u5p3l4wpay3k.cloudfront.net/startraders_gamepedia_en/3/32/Talent_victory_health_normal.png?version=5420e4670c81ce5f9ae38bbf2ede1ddb
mission,Menacing Demeanor,Pirate,8,"When completing steps in a Mission, your status as a known scoundrel mitigates your Reputation loss by up to Intimidate Skill",3 weeks Cooldown,https://d1u5p3l4wpay3k.cloudfront.net/startraders_gamepedia_en/2/2d/Talent_fire_normal.png?version=2e1dd7ae1a4dea71d8c71d0c85f6e7d8
meteor,Meteor Defense,Gunner,5,Reduces damage caused to your ship and crew from a Meteor Storm in orbit of a system by up to Gunnery Skill,2 weeks Cooldown,https://d1u5p3l4wpay3k.cloudfront.net/startraders_gamepedia_en/2/2d/Talent_fire_normal.png?version=2e1dd7ae1a4dea71d8c71d0c85f6e7d8
,Methodical Maintenance,Crew Dog,8,CURRENTLY NOT IMPLEMENTED. This Talent is not implemented and has no working features at this time.,3 weeks Cooldown,https://d1u5p3l4wpay3k.cloudfront.net/startraders_gamepedia_en/2/2d/Talent_fire_normal.png?version=2e1dd7ae1a4dea71d8c71d0c85f6e7d8
patrol,Methodical Sweep,Crew Dog,1,"When Patrolling a system, reroll a card.",3 weeks Cooldown,https://d1u5p3l4wpay3k.cloudfront.net/startraders_gamepedia_en/2/29/Talent_patrol_reroll_normal.png?version=d5c5e9f6d249ff64d1efc3d0021b0ea1
patrol,Militant Patrol,Military Officer,1,"When Patrolling a system, increase rewards by 10% + Command Skill",3 weeks Cooldown,https://d1u5p3l4wpay3k.cloudfront.net/startraders_gamepedia_en/a/ac/Talent_patrol_passive_bonus_normal.png?version=46d2d47f2857b16818e0042aa2207bfd
mutiny,Military Discipline,Military Officer,8,Barked orders and rigid authority can snap a mutiny in seconds. The mutiny ends and Morale of entire crew is increased by 10 + Command skill,26 weeks Cooldown,https://d1u5p3l4wpay3k.cloudfront.net/startraders_gamepedia_en/e/e3/Talent_mo_military_discipline_normal.png?version=358b1e0378ccd96de8f7d835d34f2998
victory,Military Tribunal,Military Officer,15,"Upon defeating an enemy captain during a Conflict, seize their ship through a local prize court. We must pay the court 75% of the ship's value in tithes and fees and we will lose 40 Reputation with the enemy while striking a mighty blow in the Conflict",36 weeks Cooldown,https://d1u5p3l4wpay3k.cloudfront.net/startraders_gamepedia_en/7/7f/Talent_prize_ship_milofficer_normal.png?version=c41c23243c3ded9ca151d747b63242c6
victory,Murderous Tribute,Pirate,15,"Upon defeating an enemy captain during a Conflict, seize their ship through a local prize court. We must pay the court 50% of the ship's value in tithes and fees and we will lose 90 Reputation with the enemy while striking a mighty blow in the Conflict",36 weeks Cooldown,https://d1u5p3l4wpay3k.cloudfront.net/startraders_gamepedia_en/5/52/Talent_prize_ship_pirate_normal.png?version=27dca3d9ee2f276a3809a064c609a715
,Not Implemented,Pilot,11,CURRENTLY NOT IMPLEMENTED. This Talent is not implemented and has no working features at this time.,3 weeks Cooldown,https://d1u5p3l4wpay3k.cloudfront.net/startraders_gamepedia_en/2/2d/Talent_fire_normal.png?version=2e1dd7ae1a4dea71d8c71d0c85f6e7d8
,Not Implemented,Pilot,11,CURRENTLY NOT IMPLEMENTED. This Talent is not implemented and has no working features at this time.,3 weeks Cooldown,https://d1u5p3l4wpay3k.cloudfront.net/startraders_gamepedia_en/2/2d/Talent_fire_normal.png?version=2e1dd7ae1a4dea71d8c71d0c85f6e7d8
,Not Implemented,Fighter Pilot,1,CURRENTLY NOT IMPLEMENTED. This Talent is not implemented and has no working features at this time.,3 weeks Cooldown,https://d1u5p3l4wpay3k.cloudfront.net/startraders_gamepedia_en/2/2d/Talent_fire_normal.png?version=2e1dd7ae1a4dea71d8c71d0c85f6e7d8
,Not Implemented,Fighter Pilot,1,CURRENTLY NOT IMPLEMENTED. This Talent is not implemented and has no working features at this time.,3 weeks Cooldown,https://d1u5p3l4wpay3k.cloudfront.net/startraders_gamepedia_en/2/2d/Talent_fire_normal.png?version=2e1dd7ae1a4dea71d8c71d0c85f6e7d8
,Not Implemented,Fighter Pilot,1,CURRENTLY NOT IMPLEMENTED. This Talent is not implemented and has no working features at this time.,3 weeks Cooldown,https://d1u5p3l4wpay3k.cloudfront.net/startraders_gamepedia_en/2/2d/Talent_fire_normal.png?version=2e1dd7ae1a4dea71d8c71d0c85f6e7d8
,Not Implemented,Fighter Pilot,1,CURRENTLY NOT IMPLEMENTED. This Talent is not implemented and has no working features at this time.,3 weeks Cooldown,https://d1u5p3l4wpay3k.cloudfront.net/startraders_gamepedia_en/2/2d/Talent_fire_normal.png?version=2e1dd7ae1a4dea71d8c71d0c85f6e7d8
,Not Implemented,Fighter Pilot,5,CURRENTLY NOT IMPLEMENTED. This Talent is not implemented and has no working features at this time.,3 weeks Cooldown,https://d1u5p3l4wpay3k.cloudfront.net/startraders_gamepedia_en/2/2d/Talent_fire_normal.png?version=2e1dd7ae1a4dea71d8c71d0c85f6e7d8
,Not Implemented,Fighter Pilot,5,CURRENTLY NOT IMPLEMENTED. This Talent is not implemented and has no working features at this time.,3 weeks Cooldown,https://d1u5p3l4wpay3k.cloudfront.net/startraders_gamepedia_en/2/2d/Talent_fire_normal.png?version=2e1dd7ae1a4dea71d8c71d0c85f6e7d8
,Not Implemented,Fighter Pilot,5,CURRENTLY NOT IMPLEMENTED. This Talent is not implemented and has no working features at this time.,3 weeks Cooldown,https://d1u5p3l4wpay3k.cloudfront.net/startraders_gamepedia_en/2/2d/Talent_fire_normal.png?version=2e1dd7ae1a4dea71d8c71d0c85f6e7d8
,Not Implemented,Fighter Pilot,5,CURRENTLY NOT IMPLEMENTED. This Talent is not implemented and has no working features at this time.,3 weeks Cooldown,https://d1u5p3l4wpay3k.cloudfront.net/startraders_gamepedia_en/2/2d/Talent_fire_normal.png?version=2e1dd7ae1a4dea71d8c71d0c85f6e7d8
,Not Implemented,Fighter Pilot,8,CURRENTLY NOT IMPLEMENTED. This Talent is not implemented and has no working features at this time.,3 weeks Cooldown,https://d1u5p3l4wpay3k.cloudfront.net/startraders_gamepedia_en/2/2d/Talent_fire_normal.png?version=2e1dd7ae1a4dea71d8c71d0c85f6e7d8
,Not Implemented,Fighter Pilot,8,CURRENTLY NOT IMPLEMENTED. This Talent is not implemented and has no working features at this time.,3 weeks Cooldown,https://d1u5p3l4wpay3k.cloudfront.net/startraders_gamepedia_en/2/2d/Talent_fire_normal.png?version=2e1dd7ae1a4dea71d8c71d0c85f6e7d8
,Not Implemented,Fighter Pilot,11,CURRENTLY NOT IMPLEMENTED. This Talent is not implemented and has no working features at this time.,3 weeks Cooldown,https://d1u5p3l4wpay3k.cloudfront.net/startraders_gamepedia_en/2/2d/Talent_fire_normal.png?version=2e1dd7ae1a4dea71d8c71d0c85f6e7d8
,Not Implemented,Fighter Pilot,11,CURRENTLY NOT IMPLEMENTED. This Talent is not implemented and has no working features at this time.,3 weeks Cooldown,https://d1u5p3l4wpay3k.cloudfront.net/startraders_gamepedia_en/2/2d/Talent_fire_normal.png?version=2e1dd7ae1a4dea71d8c71d0c85f6e7d8
patrol,Obsessive Defense,Zealot,5,"When Patrolling a system, replace a card with a Pirate reward card",3 weeks Cooldown,https://d1u5p3l4wpay3k.cloudfront.net/startraders_gamepedia_en/0/00/Talent_patrol_pirates_normal.png?version=db8f1417d6f96f6338c6e5a96595ca60
,One-Shot,Sniper,11,"In crew combat, Rifle Attack with +10% Ranged Damage, +15% Armor Piercing, +45% Critical; Requires Stealth Mode to use",Costs 2X Weapon's Initiative to use (No Valid Weapon),https://d1u5p3l4wpay3k.cloudfront.net/startraders_gamepedia_en/8/85/Talent_badge_crewcombat.png?version=d4dc696fe041acbc6e999a0fa69c3934
landing,Orderly Drop,Hyperwarp Navigator,5,"Lands efficiently in a zone, reduces operation time to 1 Turn and Fuel Cost to 1",3 weeks Cooldown,https://d1u5p3l4wpay3k.cloudfront.net/startraders_gamepedia_en/d/db/Talent_nav_orderlydrop_normal.png?version=06fb4980af0193e991083f5a4ea8cf2a
,Ordnance Overhaul,Mechanic,8,Repairs Ship Weapons up to 10% plus Repair Skill,9 weeks Cooldown,https://d1u5p3l4wpay3k.cloudfront.net/startraders_gamepedia_en/8/83/Talent_badge_shipcombat.png?version=4f4a71340a5cbf567660c4bccf50c8f6
,Overclocked Reactor,Engineer,5,"Buffs Ship with +2 Reactor Pts, +10 Range Change, Self-inflicts +10 Crew Dmg/Turn for next 2 Turns",3 weeks Cooldown,https://d1u5p3l4wpay3k.cloudfront.net/startraders_gamepedia_en/8/83/Talent_badge_shipcombat.png?version=4f4a71340a5cbf567660c4bccf50c8f6
,Overriding Discipline,Military Officer,8,"Buffs Ship with +10% Boarding, +10% Accuracy, +10% Dmg, +10% Defense for next 3 Turns, Purges Ship of any Crippling Ship Effects, Restores Command Skill worth of Morale to 10 Crew",3 weeks Cooldown,https://d1u5p3l4wpay3k.cloudfront.net/startraders_gamepedia_en/8/83/Talent_badge_shipcombat.png?version=4f4a71340a5cbf567660c4bccf50c8f6
boarding,Parting Gift,Sniper,8,"After a successful Boarding, firing one final shot with deadly accuracy kills an unlucky target; one enemy crew member dies",9 weeks Cooldown,https://d1u5p3l4wpay3k.cloudfront.net/startraders_gamepedia_en/1/16/Talent_boarding_sniper_partinggift_normal.png?version=00fb84fcd99f46548affe73789e2b0b2
pay,Perceptive Boss,Quartermaster,1,"When paying your crew, your intuition grants a 30% + Command Skill chance to learn hidden Trait from among your crew",3 weeks Cooldown,https://d1u5p3l4wpay3k.cloudfront.net/startraders_gamepedia_en/2/2d/Talent_fire_normal.png?version=2e1dd7ae1a4dea71d8c71d0c85f6e7d8
,Perfected Approach,Hyperwarp Navigator,5,"Faultless tracking of the enemy allows rapid closing. Buffs Ship with +1 Reactor Pts, +5% Shield, +25 Range Change, -10 Escape for next 2 Turns",3 weeks Cooldown,https://d1u5p3l4wpay3k.cloudfront.net/startraders_gamepedia_en/8/83/Talent_badge_shipcombat.png?version=4f4a71340a5cbf567660c4bccf50c8f6
xeno,Perilous Study,Engineer,11,"When encountering a xeno ship, rapid analysis of the ship's scanner data reveals new findings about the xeno and grants additional Experience reward",3 weeks Cooldown,https://d1u5p3l4wpay3k.cloudfront.net/startraders_gamepedia_en/3/36/Talent_engineer_xeno_normal.png?version=b2cf388db8e30e801ed304356e5290ed
explore,Persistent Search,Exo-Scout,1,"While Exploring a Wild Zone, increase reward by 10% + Explore Skill",3 weeks Cooldown,https://d1u5p3l4wpay3k.cloudfront.net/startraders_gamepedia_en/c/c1/Talent_explorer_passive_bonus_normal.png?version=52850e2f1a05e22a454caa14442cadec
,Pinning Shot,Pistoleer,1,"In crew combat, Crippling Pistol Attack; successful hit Pins Target and causes -20% Parry, -20% Dodge, -10% Armor for 2 Turns",Costs Weapon's Initiative to use (No Valid Weapon),https://d1u5p3l4wpay3k.cloudfront.net/startraders_gamepedia_en/8/85/Talent_badge_crewcombat.png?version=d4dc696fe041acbc6e999a0fa69c3934
,Plas-Charge Slugs,Exo-Scout,11,"In crew combat, Crippling Rifle Attack with +20 Plasma, +10% Armor Piercing; successful hit causes -25% Armor, -16 Plasma Shielding for 3 Turns, knocks target back 1 slot",Costs Weapon's Initiative to use (No Valid Weapon),https://d1u5p3l4wpay3k.cloudfront.net/startraders_gamepedia_en/8/85/Talent_badge_crewcombat.png?version=d4dc696fe041acbc6e999a0fa69c3934
explore,Plentiful Rewards,Explorer,1,"While Exploring a Wild Zone, increase reward by 10% + Explore Skill",3 weeks Cooldown,https://d1u5p3l4wpay3k.cloudfront.net/startraders_gamepedia_en/c/c1/Talent_explorer_passive_bonus_normal.png?version=52850e2f1a05e22a454caa14442cadec
,Political Hooks,Diplomat,11,"Increase Conflict Score bonus by 10% + Faction Rank when impacting a Conflict through Missions, Spying, Blockade or Patrol",3 weeks Cooldown,https://d1u5p3l4wpay3k.cloudfront.net/startraders_gamepedia_en/4/47/Talent_diplo_politicalhooks_normal.png?version=5f980850da80e7c5723b6aab7e15d4fd
landing,Port Maintenance,Engineer,1,"Upon landing, automatically repairs damage to 2 to 4 Ship Components equal to 10% up to Repair skill",9 weeks Cooldown,https://d1u5p3l4wpay3k.cloudfront.net/startraders_gamepedia_en/7/76/Talent_engineer_portmaint_normal.png?version=2269596c082cee96dc7dc02b7d330f51
mission,Power Play,Military Officer,1,"When completing steps in a Mission, increase Faction Reputation bonuses by Charisma %",3 weeks Cooldown,https://d1u5p3l4wpay3k.cloudfront.net/startraders_gamepedia_en/1/1d/Talent_increase_mission_rep_normal.png?version=498bc7579f1c04268b3164a1e8a31cad
,Precision Action,Commander,8,Purges your Ship of both Crew and Ship Crippling Effects,3 weeks Cooldown,https://d1u5p3l4wpay3k.cloudfront.net/startraders_gamepedia_en/8/83/Talent_badge_shipcombat.png?version=4f4a71340a5cbf567660c4bccf50c8f6
mutiny,Quell Mutiny,Commander,5,Powerful words from a strong leader pull the crew together. The mutiny ends and Morale of the entire crew is increased by 10 + Command skill,26 weeks Cooldown,https://d1u5p3l4wpay3k.cloudfront.net/startraders_gamepedia_en/d/df/Talent_commander_quell_mutiny_normal.png?version=9d8ae43d476e219b83d0c74d44f218fc
on init,Raining Steel,Pistoleer,1,"When making Initiative Roll in Crew Combat, Buff yourself with +3 Initiative, +15% Ranged Damage, +15% Critical for 3 Turns",Chance to activate at the start of each combat turn,https://d1u5p3l4wpay3k.cloudfront.net/startraders_gamepedia_en/8/85/Talent_badge_crewcombat.png?version=d4dc696fe041acbc6e999a0fa69c3934
,Raking Fire,Gunner,1,"Softening your target increases the damage of every additional hit. If any ship weapons hit, this Crippling Attack causes -25% Shield, -10% Armor for the next 3 Turns",3 weeks Cooldown,https://d1u5p3l4wpay3k.cloudfront.net/startraders_gamepedia_en/8/83/Talent_badge_shipcombat.png?version=4f4a71340a5cbf567660c4bccf50c8f6
,Rallying Aura,Commander,1,"In crew combat, Buffs entire team with +10% All Damage, +10% Critical, +10% Armor for 3 Turns and Restores (10 + 0 Command) Morale",Costs 12 Initiative to use,https://d1u5p3l4wpay3k.cloudfront.net/startraders_gamepedia_en/8/85/Talent_badge_crewcombat.png?version=d4dc696fe041acbc6e999a0fa69c3934
,Rallying Cry,Quartermaster,5,"Buffs Ship with 20% Protection against Crew and Morale Dmg/Turn for next 2 Turns, Purges your Ship's Crew of any Crippling Effects, Restores Intimidate Skill worth of Morale to 20 Crew",3 weeks Cooldown,https://d1u5p3l4wpay3k.cloudfront.net/startraders_gamepedia_en/8/83/Talent_badge_shipcombat.png?version=4f4a71340a5cbf567660c4bccf50c8f6
,Rapid Fire,Pistoleer,11,"In crew combat, Crippling Pistol Attack hits 2 targets causes +16 Bleeding, -10% Deflection for 2 Turns",Costs 2X Weapon's Initiative to use (No Valid Weapon),https://d1u5p3l4wpay3k.cloudfront.net/startraders_gamepedia_en/8/85/Talent_badge_crewcombat.png?version=d4dc696fe041acbc6e999a0fa69c3934
,Rash Courage,Swordsman,1,"In crew combat, Buff yourself with +30% Blade Accuracy, +30% Melee Damage, +10% Armor Piercing, -10% Armor for 4 Turns, advances 1 slot",Costs 6 Initiative to use,https://d1u5p3l4wpay3k.cloudfront.net/startraders_gamepedia_en/8/85/Talent_badge_crewcombat.png?version=d4dc696fe041acbc6e999a0fa69c3934
,Reactor Surge,Mechanic,11,"Buffs Ship with +3 Reactor Pts, +20% Accuracy, Self-inflicts +10 Component Dmg/Turn, Self-inflicts +10 Crew Dmg/Turn for next 1 Turns",3 weeks Cooldown,https://d1u5p3l4wpay3k.cloudfront.net/startraders_gamepedia_en/8/83/Talent_badge_shipcombat.png?version=4f4a71340a5cbf567660c4bccf50c8f6
skill save,Read Charts,Hyperwarp Navigator,1,"Automatically passes a failed Navigation test in any situation, including hyperwarp jumps or deep space travel",3 weeks Cooldown,https://d1u5p3l4wpay3k.cloudfront.net/startraders_gamepedia_en/a/a5/Talent_skill_navigation_normal.png?version=7518038f151f45d2344a325f468175a5
recruit,Recruiter's Eye,Military Officer,5,"When Recruiting, discover one Trait from a new crew member. Your newly hired Recruit gains improved Attributes",3 weeks Cooldown,https://d1u5p3l4wpay3k.cloudfront.net/startraders_gamepedia_en/2/2d/Talent_fire_normal.png?version=2e1dd7ae1a4dea71d8c71d0c85f6e7d8
mission,Red Badge,Bounty Hunter,5,"When completing steps in a Mission and bearing an Edict of the sponsoring Faction, your fearsome prestige reduces your Reputation loss by up to Intimidate Skill",3 weeks Cooldown,https://d1u5p3l4wpay3k.cloudfront.net/startraders_gamepedia_en/c/cf/Talent_reduce_mission_rep_edict_normal.png?version=52b8d0054bbbae33f37b12d98b146ced
explore,Reduced Exposure,Explorer,5,"While Exploring a Wild Zone, remove a risk card",3 weeks Cooldown,https://d1u5p3l4wpay3k.cloudfront.net/startraders_gamepedia_en/d/db/Talent_explorer_remove_normal.png?version=0bdf4de7fa50ea11a4ebdfa2bf964158
,Regimented Order,Quartermaster,11,"Buffs Ship with 40% Protection against Crew Dmg for next 2 Turns, Purges your Ship's Crew of any Crippling Effects",9 weeks Cooldown,https://d1u5p3l4wpay3k.cloudfront.net/startraders_gamepedia_en/8/83/Talent_badge_shipcombat.png?version=4f4a71340a5cbf567660c4bccf50c8f6
spice,Relaxing Leave,Crew Dog,1,"When passing the Spice plate in the Hall, grant all other revelers a Morale bonus equal to 30% of your Charisma",9 weeks Cooldown,https://d1u5p3l4wpay3k.cloudfront.net/startraders_gamepedia_en/9/98/Talent_crewdog_relaxing_normal.png?version=6b4ef51b42a9df564d28e48403c5d454
mission,Reliable Hand,Quartermaster,5,Increases your payment for every step in a Mission by 10% + Intimidate Skill,3 weeks Cooldown,https://d1u5p3l4wpay3k.cloudfront.net/startraders_gamepedia_en/2/2c/Talent_increase_mission_pilot_normal.png?version=da00b2b5f1e1546545fef6b8e7bf80e0
,Resolute Hound,Bounty Hunter,8,"In crew combat, Removes all Debuffs; Buff yourself with +25% Armor for 3 Turns, Heals (5 + 0 Intimidate) HP and Morale",Costs 8 Initiative to use,https://d1u5p3l4wpay3k.cloudfront.net/startraders_gamepedia_en/8/85/Talent_badge_crewcombat.png?version=d4dc696fe041acbc6e999a0fa69c3934
explore,Resolute Hunter,Exo-Scout,11,"While Exploring a Wild Zone, replace a risk card with an Artifacts reward card",3 weeks Cooldown,https://d1u5p3l4wpay3k.cloudfront.net/startraders_gamepedia_en/d/d5/Talent_explorer_xeno_normal.png?version=a46b2eda9601c63a79182c8d23165a27
,Retribution Justice,Zealot,5,"Increase Conflict Score bonus by 10% + Faction Rank when impacting a Conflict through Missions, Spying, Blockade or Patrol",3 weeks Cooldown,https://d1u5p3l4wpay3k.cloudfront.net/startraders_gamepedia_en/2/2d/Talent_fire_normal.png?version=2e1dd7ae1a4dea71d8c71d0c85f6e7d8
trade,Righteous Profits,Merchant,8,"When executing a trade at the Exchange worth over $5,000, barters for better price by 10% + Negotiate Skill",9 weeks Cooldown,https://d1u5p3l4wpay3k.cloudfront.net/startraders_gamepedia_en/6/67/Talent_merchant_profits_normal.png?version=02faad739a74df13a08b1a7aa3c191fb
rank,Righteous Rank,Zealot,1,Price for military Rank is discounted by 10% + Command Skill,3 weeks Cooldown,https://d1u5p3l4wpay3k.cloudfront.net/startraders_gamepedia_en/9/91/Talent_money_rank_normal.png?version=bb57edc1f923121682c46a668435a3a1
victory,Rigorous Search,Pirate,1,A pirate's keen sense for treasure sniffs out secret hideaways from defeated Smugglers; new lootable cargo is added,3 weeks Cooldown,https://d1u5p3l4wpay3k.cloudfront.net/startraders_gamepedia_en/2/2d/Talent_fire_normal.png?version=2e1dd7ae1a4dea71d8c71d0c85f6e7d8
,Roaring Barrels,Soldier,1,"In crew combat, Rifle Attack with +25% Ranged Damage, +20% Armor Piercing and removes all Buffs from target",Costs Weapon's Initiative to use (No Valid Weapon),https://d1u5p3l4wpay3k.cloudfront.net/startraders_gamepedia_en/8/85/Talent_badge_crewcombat.png?version=d4dc696fe041acbc6e999a0fa69c3934
victory,Rough Interrogation,Zealot,1,"Upon victory in ship combat, thoroughly questioning the enemy crew creates up to your Intimidate Skill in Intel Records but causes further Rep loss",9 weeks Cooldown,https://d1u5p3l4wpay3k.cloudfront.net/startraders_gamepedia_en/7/77/Talent_zealot_interrogation_normal.png?version=01676c9de349b2fe1a1dac529f33a46c
,Rushed Patches,Mechanic,8,"Purges Ship of any Crippling Ship Effects, Repairs 10% Dmg to Ship Components",3 weeks Cooldown,https://d1u5p3l4wpay3k.cloudfront.net/startraders_gamepedia_en/8/83/Talent_badge_shipcombat.png?version=4f4a71340a5cbf567660c4bccf50c8f6
skill save,Safety Protocols,Crew Dog,1,"Automatically passes a failed Ship Ops test in any situation, including deep space travel, landing, or hyperwarp jumps",3 weeks Cooldown,https://d1u5p3l4wpay3k.cloudfront.net/startraders_gamepedia_en/5/52/Talent_skill_shipops_normal.png?version=0ad8248b443736c78bb418c69f55573e
,Scattershot,Gunner,8,"If any ship weapons hit, this Crippling Attack causes -10% Armor, -25 Range Change, -10 Escape for the next 3 Turns",3 weeks Cooldown,https://d1u5p3l4wpay3k.cloudfront.net/startraders_gamepedia_en/8/83/Talent_badge_shipcombat.png?version=4f4a71340a5cbf567660c4bccf50c8f6
,Scorn,Commander,11,"In crew combat, intimidating command hits 2 targets causes -4 Initiative, -25% Deflection for 2 Turns",Costs 8 Initiative to use,https://d1u5p3l4wpay3k.cloudfront.net/startraders_gamepedia_en/8/85/Talent_badge_crewcombat.png?version=d4dc696fe041acbc6e999a0fa69c3934
spy,Scouring Search,Spy,5,"When Spying in the orbit of a system, replace a risk card with an Intel Records reward card.",3 weeks Cooldown,https://d1u5p3l4wpay3k.cloudfront.net/startraders_gamepedia_en/2/2a/Talent_spy_upgrade_normal.png?version=2bdb1bdc7f6753e85f0d2f5c27337ba4
skill save,Scout's Intuition,Exo-Scout,1,Automatically passes a failed Explore test in any situation; including Exploration or during a mission,3 weeks Cooldown,https://d1u5p3l4wpay3k.cloudfront.net/startraders_gamepedia_en/e/e8/Talent_skill_explorer_normal.png?version=77cc70106c11a2cf4fcfde042269e84a
,Second Shadow,Quartermaster,11,"Watching crew like a hawk, saves a life during ship combat, blockade, spying, patrol or black market. Crew member is restored to HP equal to Command Skill + 3 x Medical Rating of onboard medical components",9 weeks Cooldown,https://d1u5p3l4wpay3k.cloudfront.net/startraders_gamepedia_en/2/2d/Talent_fire_normal.png?version=2e1dd7ae1a4dea71d8c71d0c85f6e7d8
landing,Secrets Unbound,Spy,11,"Upon landing in an Urban Zone, 10% + Electronics Skill chance to gather Intel Records about the local Faction",9 weeks Cooldown,https://d1u5p3l4wpay3k.cloudfront.net/startraders_gamepedia_en/1/10/Talent_spy_secretsunbound_normal.png?version=fa517e14870bee4d1a31e2924a0ff450
skill save,Settlement,Diplomat,1,"Automatically passes a failed Negotiate test in any situation; including deep space travel, mutiny or during a mission",3 weeks Cooldown,https://d1u5p3l4wpay3k.cloudfront.net/startraders_gamepedia_en/3/3b/Talent_skill_negotiate_normal.png?version=e345e67d2d7c0ed124a2aa26ff8bf384
,Shadowed Fire,Spy,1,"In crew combat, Pistol Attack with +25% Ranged Damage, +25% Armor Piercing, +25% Critical; Requires Stealth Mode to use",Costs Weapon's Initiative to use (No Valid Weapon),https://d1u5p3l4wpay3k.cloudfront.net/startraders_gamepedia_en/8/85/Talent_badge_crewcombat.png?version=d4dc696fe041acbc6e999a0fa69c3934
,Sharp Counter,Swordsman,1,"In crew combat, Blade Attack. Successful attack Buffs yourself with +25% Parry, +10% Armor, Counter-attacks enemy attacker in front 2 rows, 50% chance to end after each counter for 3 Turns",Costs 1.5X Weapon's Initiative to use (No Valid Weapon),https://d1u5p3l4wpay3k.cloudfront.net/startraders_gamepedia_en/8/85/Talent_badge_crewcombat.png?version=d4dc696fe041acbc6e999a0fa69c3934
,Sharp Steering,Pilot,1,"Buffs Ship with +15 Range Change, +10 Escape for next 3 Turns",3 weeks Cooldown,https://d1u5p3l4wpay3k.cloudfront.net/startraders_gamepedia_en/8/83/Talent_badge_shipcombat.png?version=4f4a71340a5cbf567660c4bccf50c8f6
,Shredding Shots,Bounty Hunter,11,"In crew combat, Crippling Rifle Attack causes +20 Bleeding, -20% Deflection for 2 Turns",Costs Weapon's Initiative to use (No Valid Weapon),https://d1u5p3l4wpay3k.cloudfront.net/startraders_gamepedia_en/8/85/Talent_badge_crewcombat.png?version=d4dc696fe041acbc6e999a0fa69c3934
mission,Shrewd Dealings,Commander,8,"When accepting a Mission, gain a (Charisma + Command %) chance to discover one of your Contact's hidden Traits",3 weeks Cooldown,https://d1u5p3l4wpay3k.cloudfront.net/startraders_gamepedia_en/2/2d/Talent_fire_normal.png?version=2e1dd7ae1a4dea71d8c71d0c85f6e7d8
,Signature Homing,Gunner,1,"Closing in and locking on makes it hard to dodge your fire. If any ship weapons hit, this Crippling Attack causes -25% Defense, -10% Armor for the next 3 Turns",3 weeks Cooldown,https://d1u5p3l4wpay3k.cloudfront.net/startraders_gamepedia_en/8/83/Talent_badge_shipcombat.png?version=4f4a71340a5cbf567660c4bccf50c8f6
,Signature Jammer,Electronics Tech,1,"Masks ship's signal to prevent identification. When ending a ship encounter in a draw, reduce possible Reputation damage by up to Electronics Skill",3 weeks Cooldown,https://d1u5p3l4wpay3k.cloudfront.net/startraders_gamepedia_en/8/8f/Talent_elo_signjam_normal.png?version=6a7cf46767a3d38a4771a8abe1f744d3
rank,Silver Tongue,Diplomat,1,Price for military Rank is discounted by 10% + Negotiate Skill,3 weeks Cooldown,https://d1u5p3l4wpay3k.cloudfront.net/startraders_gamepedia_en/9/91/Talent_money_rank_normal.png?version=bb57edc1f923121682c46a668435a3a1
,Skewering Thrust,Swordsman,8,"In crew combat, Blade Attack hits 2 targets with +25% Blade Accuracy, -15% Ranged Damage, +10% Melee Damage, +15% Armor Piercing, advances 1 slot",Costs 2X Weapon's Initiative to use (No Valid Weapon),https://d1u5p3l4wpay3k.cloudfront.net/startraders_gamepedia_en/8/85/Talent_badge_crewcombat.png?version=d4dc696fe041acbc6e999a0fa69c3934
encounter,Skip Off the Void,Hyperwarp Navigator,11,"Use a short-burst of the hyperwarp drive to 'bounce' a short distance and escape ship combat. Causes 30-70% Damage to the drive, mitigated by entire crew's Navigation Skill and burns Fuel equal to a hyperwarp jump",3 weeks Cooldown,https://d1u5p3l4wpay3k.cloudfront.net/startraders_gamepedia_en/f/ff/Talent_nav_skipvoid_normal.png?version=9b8cdd0eeaa60dd98623444b751d266d
,Slashing Retreat,Swordsman,1,"In crew combat, Blade Attack, retreats 1 slot. Successful attack Buffs yourself with +10% Armor Piercing, +25% Parry, +25% Dodge, +10% Armor for 2 Turns",Costs Weapon's Initiative to use (No Valid Weapon),https://d1u5p3l4wpay3k.cloudfront.net/startraders_gamepedia_en/8/85/Talent_badge_crewcombat.png?version=d4dc696fe041acbc6e999a0fa69c3934
trade,Slippery Trader,Smuggler,5,"When trading into a Trade Ban or War, reduces the Rep penalty by 30% + double Negotiate Skill",9 weeks Cooldown,https://d1u5p3l4wpay3k.cloudfront.net/startraders_gamepedia_en/e/e3/Talent_trade_into_conflict_smuggler_normal.png?version=50ddb97c0102f85c30b5b91cd41d616c
skill save,Sly Move,Spy,1,"Automatically passes a failed Stealth test in any situation; including exploring, landing or during a mission",3 weeks Cooldown,https://d1u5p3l4wpay3k.cloudfront.net/startraders_gamepedia_en/1/14/Talent_skill_stealth_normal.png?version=f85dd802c4749e50e4df403f749a1f93
,Snakebite,Combat Medic,11,"In crew combat, Crippling Pistol Attack causes -25% Dodge, -15 Bio-Poison Resist for 3 Turns, knocks target back 1 slot",Costs Weapon's Initiative to use (No Valid Weapon),https://d1u5p3l4wpay3k.cloudfront.net/startraders_gamepedia_en/8/85/Talent_badge_crewcombat.png?version=d4dc696fe041acbc6e999a0fa69c3934
,Sneak Attack,Spy,8,"In crew combat, Crippling Pistol Attack with +10% Ranged Damage, +10% Critical; successful hit 50% Stun target and causes -4 Initiative for 3 Turns; Requires Stealth Mode, ends Stealth Mode on use",Costs Weapon's Initiative to use (No Valid Weapon),https://d1u5p3l4wpay3k.cloudfront.net/startraders_gamepedia_en/8/85/Talent_badge_crewcombat.png?version=d4dc696fe041acbc6e999a0fa69c3934
,Solace in Battle,Doctor,11,"Purges your Ship of both Crew and Ship Crippling Effects, Restores Doctor Skill worth of Morale to 20 Crew",3 weeks Cooldown,https://d1u5p3l4wpay3k.cloudfront.net/startraders_gamepedia_en/8/83/Talent_badge_shipcombat.png?version=4f4a71340a5cbf567660c4bccf50c8f6
,Staggering Hit,Sniper,5,"In crew combat, Crippling Rifle Attack with +50% Armor Piercing, +10% Critical; successful hit causes +28 Bleeding, -20% Deflection for 2 Turns, knocks target back 1 slot; Requires Stealth Mode to use",Costs 1.5X Weapon's Initiative to use (No Valid Weapon),https://d1u5p3l4wpay3k.cloudfront.net/startraders_gamepedia_en/8/85/Talent_badge_crewcombat.png?version=d4dc696fe041acbc6e999a0fa69c3934
spy,Static Talks,Electronics Tech,5,"When Spying in the orbit of a system, learn a Rumor when scoring a positive result",9 weeks Cooldown,https://d1u5p3l4wpay3k.cloudfront.net/startraders_gamepedia_en/5/55/Talent_spy_passive_rumor_normal.png?version=4274f3508e21883f0ac8d8d28a1fc769
,Steadfast Aim,Bounty Hunter,1,"In crew combat, Rifle Attack. Successful attack Buffs yourself with +25% Ranged Accuracy, +25% Ranged Damage, +20% Armor Piercing for 2 Turns",Costs Weapon's Initiative to use (No Valid Weapon),https://d1u5p3l4wpay3k.cloudfront.net/startraders_gamepedia_en/8/85/Talent_badge_crewcombat.png?version=d4dc696fe041acbc6e999a0fa69c3934
,Steady Hands,Commander,1,"Buffs Ship with +20% Defense for next 3 Turns, Purges your Ship's Crew of any Crippling Effects, Restores Command Skill worth of Morale to 10 Crew",3 weeks Cooldown,https://d1u5p3l4wpay3k.cloudfront.net/startraders_gamepedia_en/8/83/Talent_badge_shipcombat.png?version=4f4a71340a5cbf567660c4bccf50c8f6
,Steady Mobility,Exo-Scout,1,"In crew combat, Rifle Attack. Successful attack Buffs yourself with +25% Ranged Damage, +25% Armor Piercing, +25% Dodge, +25% To Resist Debuffs for 3 Turns",Costs Weapon's Initiative to use (No Valid Weapon),https://d1u5p3l4wpay3k.cloudfront.net/startraders_gamepedia_en/8/85/Talent_badge_crewcombat.png?version=d4dc696fe041acbc6e999a0fa69c3934
,Steely Authority,Military Officer,8,"In crew combat, Buffs 2 targets with +30% Deflection, +10% Armor, +75% To Resist Debuffs for 3 Turns and Restores (10 + 0 Tactics) Morale",Costs 12 Initiative to use,https://d1u5p3l4wpay3k.cloudfront.net/startraders_gamepedia_en/8/85/Talent_badge_crewcombat.png?version=d4dc696fe041acbc6e999a0fa69c3934
skill save,Stern Leader,Quartermaster,1,"Automatically passes a failed Command test in any situation, including deep space travel, mutiny or during a mission",3 weeks Cooldown,https://d1u5p3l4wpay3k.cloudfront.net/startraders_gamepedia_en/b/b1/Talent_skill_command_normal.png?version=c33b33e3f2b10806ec70ed4fa036bf3f
encounter,Stiff Salute,Military Officer,1,"When encountering a Military Officer or Zealot Captain, a respectful military salute automatically ends the encounter with a Draw; Reputation penalties may still apply",3 weeks Cooldown,https://d1u5p3l4wpay3k.cloudfront.net/startraders_gamepedia_en/d/da/Talent_mo_stiffsalute_normal.png?version=bbe17d8042416ed86265e911006d2d4f
storm,Storm Navigator,Hyperwarp Navigator,1,Astute and careful direction from the helm protects the ship and crew from damage when flying through Radiation Storms (quadrant) and Ion Storms (system),2 weeks Cooldown,https://d1u5p3l4wpay3k.cloudfront.net/startraders_gamepedia_en/a/ae/Talent_hw_shielding_normal.png?version=60b31c98e3b55828e496b8050bd60fce
storm,Storm Shielding,Electronics Tech,1,Protects the ship and crew from damage when flying through Radiation Storms (quadrant) and Ion Storms (system) by redirecting and modulating ship shielding,2 weeks Cooldown,https://d1u5p3l4wpay3k.cloudfront.net/startraders_gamepedia_en/9/94/Talent_elo_shielding_normal.png?version=adeadc9113cf263adb076058bd06fb75
storm,Stormhunter,Engineer,8,Careful study of readings and conditions allows Engineer to guide the ship through Radiation Storms (quadrant) and Ion Storms (system) while granting additional Experience reward,6 weeks Cooldown,https://d1u5p3l4wpay3k.cloudfront.net/startraders_gamepedia_en/a/ab/Talent_eng_shielding_normal.png?version=15987209f27652dac2ca6a4b4d4e348a
,Strength of Steel,Swordsman,5,"In crew combat, Buff yourself with +35% Parry, +10% Dodge, +50% To Resist Debuffs for 3 Turns, Heals (5 + 0 Blades) HP and Morale",Costs 6 Initiative to use,https://d1u5p3l4wpay3k.cloudfront.net/startraders_gamepedia_en/8/85/Talent_badge_crewcombat.png?version=d4dc696fe041acbc6e999a0fa69c3934
victory,Strict Search,Military Officer,1,"Military discipline demands a thorough search, which uncovers secret hideaways on ships of defeated Smugglers; new lootable cargo is revealed",3 weeks Cooldown,https://d1u5p3l4wpay3k.cloudfront.net/startraders_gamepedia_en/2/26/Talent_mo_strictsearch_normal.png?version=e62267a8726668df4d7daedec0317c26
mutiny,Summary Execution,Zealot,8,Capital punishment of the lowest Morale mutineer quickly reminds the crew who is in charge. The mutiny ends and Morale of the entire crew is increased by 20 + Intimidate Skill,26 weeks Cooldown,https://d1u5p3l4wpay3k.cloudfront.net/startraders_gamepedia_en/a/a1/Talent_pirate_summary_execution_normal.png?version=ef5b5719ce07522b16bbde7acf4eebfd
,Suppressing Fire,Soldier,1,"In crew combat, Crippling Rifle Attack with +25% Ranged Accuracy; successful hit causes -25% All Accuracy for 2 Turns, knocks target back 1 slot",Costs Weapon's Initiative to use (No Valid Weapon),https://d1u5p3l4wpay3k.cloudfront.net/startraders_gamepedia_en/8/85/Talent_badge_crewcombat.png?version=d4dc696fe041acbc6e999a0fa69c3934
patrol,Supremacy of Firepower,Gunner,5,"When Patrolling a system, remove a risk card.",3 weeks Cooldown,https://d1u5p3l4wpay3k.cloudfront.net/startraders_gamepedia_en/f/f2/Talent_patrol_remove_normal.png?version=711837b943e5a1591bde3b1d436081b0
landing,Sure Landfall,Pilot,1,"Lands efficiently on a world, reduces operation time to 1 Turn and Fuel Cost to 1",3 weeks Cooldown,https://d1u5p3l4wpay3k.cloudfront.net/startraders_gamepedia_en/6/6b/Talent_pilot_landfall_normal.png?version=339b2bc43fc1503aea63df443a784d69
,Sustained Fire,Bounty Hunter,8,"In crew combat, Crippling Rifle Attack causes +12 Bleeding, -25% Armor for 3 Turns",Costs Weapon's Initiative to use (No Valid Weapon),https://d1u5p3l4wpay3k.cloudfront.net/startraders_gamepedia_en/8/85/Talent_badge_crewcombat.png?version=d4dc696fe041acbc6e999a0fa69c3934
jump,Swift Route,Pilot,5,Precision planning and twitch reflexes in Hyperwarp Jump reduces fuel cost by 2 + Navigation Skill,3 weeks Cooldown,https://d1u5p3l4wpay3k.cloudfront.net/startraders_gamepedia_en/c/c0/Talent_pilot_swiftroute_normal.png?version=188dad777047f249476403b4925ba6a3
spy,Swift Sweep,Pilot,8,"When Spying in the orbit of a system, remove a risk card.",3 weeks Cooldown,https://d1u5p3l4wpay3k.cloudfront.net/startraders_gamepedia_en/5/5b/Talent_spy_remove_normal.png?version=4b844ee2bb66b698a04ff693685fa5c0
,System Flush,Mechanic,5,Purges Ship of any Crippling Ship Effects,3 weeks Cooldown,https://d1u5p3l4wpay3k.cloudfront.net/startraders_gamepedia_en/8/83/Talent_badge_shipcombat.png?version=4f4a71340a5cbf567660c4bccf50c8f6
,Tactical Edge,Military Officer,1,"In crew combat, Buffs with +4 Initiative, +20% All Damage, +10% Armor for 3 Turns, pushes target 1 slot",Costs 6 Initiative to use,https://d1u5p3l4wpay3k.cloudfront.net/startraders_gamepedia_en/8/85/Talent_badge_crewcombat.png?version=d4dc696fe041acbc6e999a0fa69c3934
spice,Talk in the Hall,Crew Dog,5,"When passing the Spice plate in the Hall, affable talk uncovers a new Rumor",3 weeks Cooldown,https://d1u5p3l4wpay3k.cloudfront.net/startraders_gamepedia_en/7/7a/Talent_crewdog_talkinhall_normal.png?version=b51b94e96148786e4257182b8a0e88f5
spice,Talk of Far Worlds,Hyperwarp Navigator,8,"When passing the Spice plate in the Hall, talk of distant worlds grants a 10% + Navigation Skill chance for an introduction to a new Contact",13 weeks Cooldown,https://d1u5p3l4wpay3k.cloudfront.net/startraders_gamepedia_en/2/2d/Talent_fire_normal.png?version=2e1dd7ae1a4dea71d8c71d0c85f6e7d8
on init,Target Acquired,Sniper,1,"When making Initiative Roll in Crew Combat, front line enemy suffers unseen threat and -2 Initiative, -25% Dodge, -10% Armor for 3 Turns in addition to (0 + 0 Stealth) Morale Loss; Requires Stealth Mode to use",Chance to activate at the start of each combat turn,https://d1u5p3l4wpay3k.cloudfront.net/startraders_gamepedia_en/8/85/Talent_badge_crewcombat.png?version=d4dc696fe041acbc6e999a0fa69c3934
,Targeting Lock,Gunner,1,"Once a lock is established, your enemy is less likely to escape. If any ship weapons hit, this Crippling Attack causes -10% Armor, -20 Escape for the next 3 Turns",3 weeks Cooldown,https://d1u5p3l4wpay3k.cloudfront.net/startraders_gamepedia_en/8/83/Talent_badge_shipcombat.png?version=4f4a71340a5cbf567660c4bccf50c8f6
,Terrifying Accuracy,Pistoleer,8,"In crew combat, Crippling Pistol Attack and causes +14 Bleeding for 3 Turns",Costs Weapon's Initiative to use (No Valid Weapon),https://d1u5p3l4wpay3k.cloudfront.net/startraders_gamepedia_en/8/85/Talent_badge_crewcombat.png?version=d4dc696fe041acbc6e999a0fa69c3934
encounter,Terrifying Extortion,Pirate,5,Frighten non-violent merchants into turning over their cargo in return for a promise of being unharmed at cost of Reputation loss,3 weeks Cooldown,https://d1u5p3l4wpay3k.cloudfront.net/startraders_gamepedia_en/2/2d/Talent_fire_normal.png?version=2e1dd7ae1a4dea71d8c71d0c85f6e7d8
blockade,Terror of the Skies,Pirate,11,"During a Blockade of a system, replace a risk card with a Mission Success reward card.",3 weeks Cooldown,https://d1u5p3l4wpay3k.cloudfront.net/startraders_gamepedia_en/6/68/Talent_blockade_mission_normal.png?version=b265b0f2d2aa17cf2234ce2fd62d448a
boarding,Thrown Wrench,Mechanic,5,"After a successful Boarding, sabotages components to cause a ripple effect of damage and death; -3 Reactor Pts, +25 Component Dmg/Turn, +10 Crew Dmg/Turn for next 4 Turns",9 weeks Cooldown,https://d1u5p3l4wpay3k.cloudfront.net/startraders_gamepedia_en/f/f0/Talent_boarding_mech_wrench_normal.png?version=6c1860326478f1919dfc67300b930c08
,Tireless Pursuit,Bounty Hunter,5,"If any ship weapons hit, this Crippling Attack causes -10% Armor, -40 Escape for the next 3 Turns",3 weeks Cooldown,https://d1u5p3l4wpay3k.cloudfront.net/startraders_gamepedia_en/8/83/Talent_badge_shipcombat.png?version=4f4a71340a5cbf567660c4bccf50c8f6
,Toxin Terror,Combat Medic,5,"In crew combat, bio-threat hits 2 targets causes -2 Initiative, -10 Bio-Poison Resist for 3 Turns",Costs 12 Initiative to use,https://d1u5p3l4wpay3k.cloudfront.net/startraders_gamepedia_en/8/85/Talent_badge_crewcombat.png?version=d4dc696fe041acbc6e999a0fa69c3934
trade,Trader's Reciprocity,Merchant,8,"When executing a trade at the Exchange worth over $5,000, gain Reputation equal to your Trade Permit Rank with all local known Contacts",9 weeks Cooldown,https://d1u5p3l4wpay3k.cloudfront.net/startraders_gamepedia_en/2/2d/Talent_fire_normal.png?version=2e1dd7ae1a4dea71d8c71d0c85f6e7d8
,Treat Wounded,Doctor,1,"Heals 3 crew, or up to (Medical Rating x 3) on ships with advanced medical facilities. Each patient gains 20 + Doctor Skill in HP",3 weeks Cooldown,https://d1u5p3l4wpay3k.cloudfront.net/startraders_gamepedia_en/8/83/Talent_badge_shipcombat.png?version=4f4a71340a5cbf567660c4bccf50c8f6
,Tricky Gunplay,Pistoleer,5,"In crew combat, Crippling Pistol Attack causes -6 Initiative, +6 Bleeding, -20% Deflection for 2 Turns",Costs 2X Weapon's Initiative to use (No Valid Weapon),https://d1u5p3l4wpay3k.cloudfront.net/startraders_gamepedia_en/8/85/Talent_badge_crewcombat.png?version=d4dc696fe041acbc6e999a0fa69c3934
,Twitch Surge,Pilot,5,Guarantees successful movement to closer range; 10% + Quickness chance to advance 2 positions,3 weeks Cooldown,https://d1u5p3l4wpay3k.cloudfront.net/startraders_gamepedia_en/8/83/Talent_badge_shipcombat.png?version=4f4a71340a5cbf567660c4bccf50c8f6
blockade,Twitchy Trigger,Gunner,8,"When Blockading a system, remove a risk card.",3 weeks Cooldown,https://d1u5p3l4wpay3k.cloudfront.net/startraders_gamepedia_en/9/91/Talent_blockade_remove_normal.png?version=d030cf09a0aa1070bbbc99ee8d5a58e0
boarding,Unauthorized Access,Spy,5,"After a successful Boarding, breaking into the enemy ship's data banks; steals up to Electronics Skill in Intel Records",3 weeks Cooldown,https://d1u5p3l4wpay3k.cloudfront.net/startraders_gamepedia_en/4/45/Talent_spy_unauth_access_normal.png?version=02a2a70dd1da77e4e7d0a47e1e5530f9
deserter,Unbending Law,Zealot,1,"When landing in a zone, the highest level crew member who attempts to abandon the ship reconsiders, but their salary increases by $2",3 weeks Cooldown,https://d1u5p3l4wpay3k.cloudfront.net/startraders_gamepedia_en/9/9d/Talent_zealot_unbendinglaw_normal.png?version=3c3b5e1114b8517b8b32eaa4d751852c
smuggle,Underworld Renown,Smuggler,8,"When attempting to access a Black Market, replace a risk card with a Market Access card with Contact Influence bonus",3 weeks Cooldown,https://d1u5p3l4wpay3k.cloudfront.net/startraders_gamepedia_en/2/22/Talent_smuggler_underworld_normal.png?version=5d5705735fb2c8311dc49b975a948906
,Unfaltering Ire,Bounty Hunter,5,"In crew combat, intimidating command hits 2 targets, removes all Buffs and causes -25% All Accuracy, -25% All Damage for 3 Turns",Costs 8 Initiative to use,https://d1u5p3l4wpay3k.cloudfront.net/startraders_gamepedia_en/8/85/Talent_badge_crewcombat.png?version=d4dc696fe041acbc6e999a0fa69c3934
explore,Unforeseen Discovery,Engineer,11,"While Exploring a Wild Zone, replace a risk card with a Experience bonus card",9 weeks Cooldown,https://d1u5p3l4wpay3k.cloudfront.net/startraders_gamepedia_en/3/33/Talent_eng_explore_xp_normal.png?version=873950f2ade4a416b364659103a03032
smuggle,Unlawful Loot,Pirate,1,"When attempting to access a Black Market, reroll a risk card",3 weeks Cooldown,https://d1u5p3l4wpay3k.cloudfront.net/startraders_gamepedia_en/2/24/Talent_blackmarket_reroll_normal.png?version=1b076f44a07a4db0de27b1b01f4906e2
smuggle,Unlawful Royalty,Smuggler,11,"When executing a trade at the Black Market worth over $50,000, gain a 50% + Charisma chance to learn about a Smuggler or Smuggler Prince Contact",9 weeks Cooldown,https://d1u5p3l4wpay3k.cloudfront.net/startraders_gamepedia_en/2/2d/Talent_fire_normal.png?version=2e1dd7ae1a4dea71d8c71d0c85f6e7d8
,Unrivaled Patch,Engineer,1,"Purges Ship of any Crippling Ship Effects, Repairs 20% Dmg to Ship Components",3 weeks Cooldown,https://d1u5p3l4wpay3k.cloudfront.net/startraders_gamepedia_en/8/83/Talent_badge_shipcombat.png?version=4f4a71340a5cbf567660c4bccf50c8f6
,Unseen Fear,Sniper,8,"Threat of a hidden sniper sows terror among those in the open. unseen threat hits 2 targets and Pins Target and causes -2 Initiative, -25% Dodge for 2 Turns in addition to (15 + 0 Stealth) Morale Loss",Costs 12 Initiative to use,https://d1u5p3l4wpay3k.cloudfront.net/startraders_gamepedia_en/8/85/Talent_badge_crewcombat.png?version=d4dc696fe041acbc6e999a0fa69c3934
wild,Unseen Traces,Explorer,5,"When landing in a Wild Zone, 10% + Explore Skill chance of discovering traces of a Contact who has operatives working in the area",13 weeks Cooldown,https://d1u5p3l4wpay3k.cloudfront.net/startraders_gamepedia_en/2/2d/Talent_fire_normal.png?version=2e1dd7ae1a4dea71d8c71d0c85f6e7d8
,Unstoppable Force,Zealot,1,"In crew combat, Buff yourself with +25% Armor, +75% To Resist Debuffs for 3 Turns, Restores (10 + 0 Intimidate) Morale",Costs 6 Initiative to use,https://d1u5p3l4wpay3k.cloudfront.net/startraders_gamepedia_en/8/85/Talent_badge_crewcombat.png?version=d4dc696fe041acbc6e999a0fa69c3934
skill save,Unwavering Attention,Bounty Hunter,1,"Automatically passes a failed Intimidate test in any situation, including deep space travel, mutiny, or during a mission",3 weeks Cooldown,https://d1u5p3l4wpay3k.cloudfront.net/startraders_gamepedia_en/5/5b/Talent_skill_intimidate_normal.png?version=a55df50007953cd4adede8e7d8b2f8c1
mission,Upstaged Success,Diplomat,5,Increase Contact Reputation and Influence bonuses when completing a Mission by Charisma %,3 weeks Cooldown,https://d1u5p3l4wpay3k.cloudfront.net/startraders_gamepedia_en/9/91/Talent_increase_mission_rep_diplo_normal.png?version=3bf5664a063249c3b4e3328636a3a870
,Vaccination Watch,Combat Medic,5,"In crew combat, Buffs entire team with +10% Armor, +36 Bio-Poison Resist for 3 Turns",Costs 12 Initiative to use,https://d1u5p3l4wpay3k.cloudfront.net/startraders_gamepedia_en/8/85/Talent_badge_crewcombat.png?version=d4dc696fe041acbc6e999a0fa69c3934
,Vanishing Act,Sniper,1,"In crew combat, Buff yourself with +2 Initiative, +10% Armor Piercing, +25% Dodge, +15% Armor, Engages Stealth Mode, +(10% + Stealth) Critical; lasts for 2 Turns, retreats 1 slot",Costs 8 Initiative to use,https://d1u5p3l4wpay3k.cloudfront.net/startraders_gamepedia_en/8/85/Talent_badge_crewcombat.png?version=d4dc696fe041acbc6e999a0fa69c3934
,Veteran Clarity,Crew Dog,11,"Buffs Ship with +10% Critical, 10% Protection against Morale Dmg for next 2 Turns, Purges your Ship's Crew of any Crippling Effects",3 weeks Cooldown,https://d1u5p3l4wpay3k.cloudfront.net/startraders_gamepedia_en/8/83/Talent_badge_shipcombat.png?version=4f4a71340a5cbf567660c4bccf50c8f6
,Vigilant Scanners,Electronics Tech,8,"Buffs Ship with +25% Accuracy, +25% Defense for next 2 Turns",3 weeks Cooldown,https://d1u5p3l4wpay3k.cloudfront.net/startraders_gamepedia_en/8/83/Talent_badge_shipcombat.png?version=4f4a71340a5cbf567660c4bccf50c8f6
explore,Vigilant Search,Explorer,1,"While Exploring a Wild Zone, reroll any card",3 weeks Cooldown,https://d1u5p3l4wpay3k.cloudfront.net/startraders_gamepedia_en/1/1d/Talent_explorer_reroll_normal.png?version=08c8e7d1c2a1ece0a0bcbd70598fafed
mutiny,Voice of Reason,Doctor,8,"A ship's crew loves a good doctor, and a calm voice of reason can calm angry minds. The mutiny ends and Morale of entire crew is increased by 10 + Doctor skill",26 weeks Cooldown,https://d1u5p3l4wpay3k.cloudfront.net/startraders_gamepedia_en/a/a9/Talent_doctor_voiceofreason_normal.png?version=d272d4a9b16e30dfd65ce20d835fd346
victory,Warfare Patch,Engineer,5,"In the aftermath of a ship battle, repair damage to multiple Ship Components equal to 10% + Repair Skill",3 weeks Cooldown,https://d1u5p3l4wpay3k.cloudfront.net/startraders_gamepedia_en/a/a1/Talent_victory_battle_dmg_multi_normal.png?version=9bfd188243d5491e6c282ffbb423d7ac
introduction,Warm Invitation,Diplomat,5,Receive a [10 + Negotiate]% discount on price of Contact Introductions,3 weeks Cooldown,https://d1u5p3l4wpay3k.cloudfront.net/startraders_gamepedia_en/2/2d/Talent_fire_normal.png?version=2e1dd7ae1a4dea71d8c71d0c85f6e7d8
skill save,Watchful Eye,Quartermaster,1,"Automatically passes a failed Ship Ops test in any situation, including deep space travel, landing, or hyperwarp jumps",3 weeks Cooldown,https://d1u5p3l4wpay3k.cloudfront.net/startraders_gamepedia_en/5/52/Talent_skill_shipops_normal.png?version=0ad8248b443736c78bb418c69f55573e
,Welcoming Conscription,Quartermaster,8,"When conscripting enemy to serve in your crew after a ship victory, new crew member starts with higher Morale and do not gain new negative Traits",3 weeks Cooldown,https://d1u5p3l4wpay3k.cloudfront.net/startraders_gamepedia_en/2/2d/Talent_fire_normal.png?version=2e1dd7ae1a4dea71d8c71d0c85f6e7d8
spy,Wide Sweep,Electronics Tech,5,"When Spying in the orbit of a system, reroll a card.",3 weeks Cooldown,https://d1u5p3l4wpay3k.cloudfront.net/startraders_gamepedia_en/8/8f/Talent_spy_reroll_normal.png?version=5db90f327ea35b8c2055f2f526a374d5
mission,Winning Compromise,Diplomat,1,Increases your payment for every step in a Mission by 10% + Negotiate Skill,3 weeks Cooldown,https://d1u5p3l4wpay3k.cloudfront.net/startraders_gamepedia_en/7/7f/Talent_money_missions_normal.png?version=cc4e0091a4a7f5434c2a8ac5743077fc
skill save,Wise Counsel,Merchant,1,"Automatically passes a failed Negotiate test in any situation; including deep space travel, mutiny or during a mission",3 weeks Cooldown,https://d1u5p3l4wpay3k.cloudfront.net/startraders_gamepedia_en/3/3b/Talent_skill_negotiate_normal.png?version=e345e67d2d7c0ed124a2aa26ff8bf384
smuggle,Word in the Market,Smuggler,1,"When gaining access to the Black Market, you may learn about a Rumor through illicit whispers.",3 weeks Cooldown,https://d1u5p3l4wpay3k.cloudfront.net/startraders_gamepedia_en/a/a7/Talent_blackmarket_rumor_normal.png?version=fd2d0eef6755ff285ea4e2fdbbeb1ae3
